name,assigned_gender,count
Mary,1,7065
Anna,1,2604
Emma,1,2003
Elizabeth,1,1939
Minnie,1,1746
Margaret,1,1578
Ida,1,1472
Alice,1,1414
Bertha,1,1320
Sarah,1,1288
Annie,1,1258
Clara,1,1226
Ella,1,1156
Florence,1,1063
Cora,1,1045
Martha,1,1040
Laura,1,1012
Nellie,1,995
Grace,1,982
Carrie,1,949
Maude,1,859
Mabel,1,808
Bessie,1,796
Jennie,1,793
Gertrude,1,787
Julia,1,783
Hattie,1,769
Edith,1,768
Mattie,1,704
Rose,1,700
Catherine,1,688
Lillian,1,672
Ada,1,652
Lillie,1,647
Helen,1,636
Jessie,1,635
Louise,1,635
Ethel,1,633
Lula,1,621
Myrtle,1,615
Eva,1,614
Frances,1,605
Lena,1,603
Lucy,1,590
Edna,1,588
Maggie,1,582
Pearl,1,569
Daisy,1,564
Fannie,1,560
Josephine,1,544
Dora,1,524
Rosa,1,507
Katherine,1,502
Agnes,1,473
Marie,1,471
Nora,1,471
May,1,462
Mamie,1,436
Blanche,1,427
Stella,1,414
Ellen,1,411
Nancy,1,410
Effie,1,406
Sallie,1,404
Nettie,1,403
Della,1,391
Lizzie,1,388
Flora,1,365
Susie,1,361
Maud,1,345
Mae,1,344
Etta,1,323
Harriet,1,319
Sadie,1,317
Caroline,1,306
Katie,1,303
Lydia,1,302
Elsie,1,301
Kate,1,299
Susan,1,286
Mollie,1,283
Alma,1,277
Addie,1,274
Georgia,1,259
Eliza,1,252
Lulu,1,249
Nannie,1,248
Lottie,1,245
Amanda,1,241
Belle,1,238
Charlotte,1,237
Rebecca,1,236
Ruth,1,234
Viola,1,229
Olive,1,224
Amelia,1,221
Hannah,1,221
Jane,1,215
Virginia,1,213
Emily,1,210
Matilda,1,210
Irene,1,204
Kathryn,1,204
Esther,1,198
Willie,1,192
Henrietta,1,191
Ollie,1,183
Amy,1,167
Rachel,1,166
Sara,1,165
Estella,1,162
Theresa,1,153
Augusta,1,151
Ora,1,149
Pauline,1,144
Josie,1,141
Lola,1,138
Sophia,1,138
Leona,1,137
Anne,1,136
Mildred,1,132
Ann,1,131
Beulah,1,131
Callie,1,131
Lou,1,131
Delia,1,129
Eleanor,1,129
Barbara,1,127
Iva,1,127
Louisa,1,126
Maria,1,125
Mayme,1,124
Evelyn,1,122
Estelle,1,119
Nina,1,119
Betty,1,117
Marion,1,115
Bettie,1,113
Dorothy,1,112
Luella,1,111
Inez,1,106
Lela,1,106
Rosie,1,106
Allie,1,105
Millie,1,105
Janie,1,96
Cornelia,1,94
Victoria,1,93
Ruby,1,92
Winifred,1,92
Alta,1,91
Celia,1,90
Christine,1,89
Beatrice,1,87
Birdie,1,85
Harriett,1,83
Mable,1,83
Myra,1,83
Sophie,1,83
Tillie,1,83
Isabel,1,81
Sylvia,1,81
Carolyn,1,80
Isabelle,1,80
Leila,1,80
Sally,1,80
Ina,1,79
Essie,1,78
Bertie,1,77
Nell,1,77
Alberta,1,76
Katharine,1,76
Lora,1,74
Rena,1,74
Mina,1,73
Rhoda,1,73
Mathilda,1,72
Abbie,1,71
Eula,1,70
Dollie,1,69
Hettie,1,69
Eunice,1,67
Fanny,1,67
Ola,1,67
Lenora,1,66
Adelaide,1,65
Christina,1,65
Lelia,1,65
Nelle,1,65
Sue,1,65
Johanna,1,64
Lilly,1,64
Lucinda,1,63
Minerva,1,63
Lettie,1,62
Roxie,1,62
Cynthia,1,61
Helena,1,60
Hilda,1,60
Hulda,1,60
Bernice,1,59
Genevieve,1,59
Jean,1,59
Cordelia,1,58
Marian,1,56
Francis,1,55
Jeanette,1,55
Adeline,1,54
Gussie,1,54
Leah,1,54
Lois,1,53
Lura,1,53
Mittie,1,53
Hallie,1,51
Isabella,1,50
Olga,1,50
Phoebe,1,50
Teresa,1,50
Hester,1,49
Lida,1,49
Lina,1,49
Winnie,1,49
Claudia,1,48
Marguerite,1,48
Vera,1,48
Cecelia,1,47
Bess,1,46
Emilie,1,46
John,1,46
Rosetta,1,46
Verna,1,46
Myrtie,1,45
Cecilia,1,44
Elva,1,44
Olivia,1,44
Ophelia,1,44
Georgie,1,43
Elnora,1,42
Violet,1,42
Adele,1,41
Lily,1,41
Linnie,1,41
Loretta,1,41
Madge,1,41
Polly,1,41
Virgie,1,41
Eugenia,1,40
Lucile,1,40
Lucille,1,40
Mabelle,1,39
Rosalie,1,39
Kittie,1,38
Meta,1,37
Angie,1,36
Dessie,1,36
Georgiana,1,36
Lila,1,36
Regina,1,36
Selma,1,36
Wilhelmina,1,36
Bridget,1,35
Lilla,1,35
Malinda,1,35
Vina,1,35
Freda,1,34
Gertie,1,34
Jeannette,1,34
Louella,1,34
Mandy,1,34
Roberta,1,34
Cassie,1,33
Corinne,1,33
Ivy,1,33
Melissa,1,33
Lyda,1,32
Naomi,1,32
Norma,1,32
Bell,1,31
Margie,1,31
Nona,1,31
Zella,1,31
Dovie,1,30
Elvira,1,30
Erma,1,30
Irma,1,30
Leota,1,30
William,1,30
Artie,1,29
Blanch,1,29
Charity,1,29
Lorena,1,29
Lucretia,1,29
Orpha,1,29
Alvina,1,28
Annette,1,28
Catharine,1,28
Elma,1,28
Geneva,1,28
Janet,1,28
Lee,1,28
Leora,1,28
Lona,1,28
Miriam,1,28
Zora,1,28
Linda,1,27
Octavia,1,27
Sudie,1,27
Zula,1,27
Adella,1,26
Alpha,1,26
Frieda,1,26
George,1,26
Joanna,1,26
Leonora,1,26
Priscilla,1,26
Tennie,1,26
Angeline,1,25
Docia,1,25
Ettie,1,25
Flossie,1,25
Hanna,1,25
Letha,1,25
Minta,1,25
Retta,1,25
Rosella,1,25
Adah,1,24
Berta,1,24
Elisabeth,1,24
Elise,1,24
Goldie,1,24
Leola,1,24
Margret,1,24
Adaline,1,23
Floy,1,23
Idella,1,23
Juanita,1,23
Lenna,1,23
Lucie,1,23
Missouri,1,23
Nola,1,23
Zoe,1,23
Eda,1,22
Isabell,1,22
James,1,22
Julie,1,22
Letitia,1,22
Madeline,1,22
Malissa,1,22
Mariah,1,22
Pattie,1,22
Vivian,1,22
Almeda,1,21
Aurelia,1,21
Claire,1,21
Dolly,1,21
Hazel,1,21
Jannie,1,21
Kathleen,1,21
Kathrine,1,21
Lavinia,1,21
Marietta,1,21
Melvina,1,21
Ona,1,21
Pinkie,1,21
Samantha,1,21
Susanna,1,21
Chloe,1,20
Donnie,1,20
Elsa,1,20
Gladys,1,20
Matie,1,20
Pearle,1,20
Vesta,1,20
Vinnie,1,20
Antoinette,1,19
Clementine,1,19
Edythe,1,19
Harriette,1,19
Libbie,1,19
Lilian,1,19
Lue,1,19
Lutie,1,19
Magdalena,1,19
Meda,1,19
Rita,1,19
Tena,1,19
Zelma,1,19
Adelia,1,18
Annetta,1,18
Antonia,1,18
Dona,1,18
Elizebeth,1,18
Georgianna,1,18
Gracie,1,18
Iona,1,18
Lessie,1,18
Leta,1,18
Liza,1,18
Mertie,1,18
Molly,1,18
Neva,1,18
Oma,1,18
Alida,1,17
Alva,1,17
Cecile,1,17
Cleo,1,17
Donna,1,17
Ellie,1,17
Ernestine,1,17
Evie,1,17
Frankie,1,17
Helene,1,17
Minna,1,17
Myrta,1,17
Prudence,1,17
Queen,1,17
Rilla,1,17
Savannah,1,17
Tessie,1,17
Tina,1,17
Agatha,1,16
America,1,16
Anita,1,16
Arminta,1,16
Dorothea,1,16
Ira,1,16
Luvenia,1,16
Marjorie,1,16
Maybelle,1,16
Mellie,1,16
Nan,1,16
Pearlie,1,16
Sidney,1,16
Velma,1,16
Clare,1,15
Constance,1,15
Dixie,1,15
Ila,1,15
Iola,1,15
Jimmie,1,15
Louvenia,1,15
Lucia,1,15
Ludie,1,15
Luna,1,15
Metta,1,15
Patsy,1,15
Phebe,1,15
Sophronia,1,15
Adda,1,14
Avis,1,14
Betsy,1,14
Bonnie,1,14
Cecil,1,14
Cordie,1,14
Emmaline,1,14
Ethelyn,1,14
Hortense,1,14
June,1,14
Louie,1,14
Lovie,1,14
Marcella,1,14
Melinda,1,14
Mona,1,14
Odessa,1,14
Veronica,1,14
Aimee,1,13
Annabel,1,13
Ava,1,13
Bella,1,13
Carolina,1,13
Cathrine,1,13
Christena,1,13
Clyde,1,13
Dena,1,13
Dolores,1,13
Eleanore,1,13
Elmira,1,13
Fay,1,13
Frank,1,13
Jenny,1,13
Kizzie,1,13
Lonnie,1,13
Loula,1,13
Magdalene,1,13
Mettie,1,13
Mintie,1,13
Peggy,1,13
Reba,1,13
Serena,1,13
Vida,1,13
Zada,1,13
Abigail,1,12
Celestine,1,12
Celina,1,12
Claudie,1,12
Clemmie,1,12
Connie,1,12
Daisie,1,12
Deborah,1,12
Dessa,1,12
Easter,1,12
Eddie,1,12
Emelia,1,12
Emmie,1,12
Imogene,1,12
India,1,12
Jeanne,1,12
Joan,1,12
Lenore,1,12
Liddie,1,12
Lotta,1,12
Mame,1,12
Nevada,1,12
Rachael,1,12
Robert,1,12
Sina,1,12
Willa,1,12
Aline,1,11
Beryl,1,11
Charles,1,11
Daisey,1,11
Dorcas,1,11
Edmonia,1,11
Effa,1,11
Eldora,1,11
Eloise,1,11
Emmer,1,11
Era,1,11
Gena,1,11
Henry,1,11
Iris,1,11
Izora,1,11
Lennie,1,11
Lissie,1,11
Mallie,1,11
Malvina,1,11
Mathilde,1,11
Mazie,1,11
Queenie,1,11
Rosina,1,11
Salome,1,11
Theodora,1,11
Therese,1,11
Vena,1,11
Wanda,1,11
Wilda,1,11
Altha,1,10
Anastasia,1,10
Besse,1,10
Bird,1,10
Birtie,1,10
Clarissa,1,10
Claude,1,10
Delilah,1,10
Diana,1,10
Emelie,1,10
Erna,1,10
Fern,1,10
Florida,1,10
Frona,1,10
Hilma,1,10
Joseph,1,10
Juliet,1,10
Leonie,1,10
Lugenia,1,10
Mammie,1,10
Manda,1,10
Manerva,1,10
Manie,1,10
Nella,1,10
Paulina,1,10
Philomena,1,10
Rae,1,10
Selina,1,10
Sena,1,10
Theodosia,1,10
Tommie,1,10
Una,1,10
Vernie,1,10
Adela,1,9
Althea,1,9
Amalia,1,9
Amber,1,9
Angelina,1,9
Annabelle,1,9
Anner,1,9
Arie,1,9
Clarice,1,9
Corda,1,9
Corrie,1,9
Dell,1,9
Dellar,1,9
Donie,1,9
Doris,1,9
Elda,1,9
Elinor,1,9
Emeline,1,9
Emilia,1,9
Esta,1,9
Estell,1,9
Etha,1,9
Fred,1,9
Hope,1,9
Indiana,1,9
Ione,1,9
Jettie,1,9
Johnnie,1,9
Josiephine,1,9
Kitty,1,9
Lavina,1,9
Leda,1,9
Letta,1,9
Mahala,1,9
Marcia,1,9
Margarette,1,9
Maudie,1,9
Maye,1,9
Norah,1,9
Oda,1,9
Patty,1,9
Paula,1,9
Permelia,1,9
Rosalia,1,9
Roxanna,1,9
Sula,1,9
Vada,1,9
Winnifred,1,9
Adline,1,8
Almira,1,8
Alvena,1,8
Arizona,1,8
Becky,1,8
Bennie,1,8
Bernadette,1,8
Camille,1,8
Cordia,1,8
Corine,1,8
Dicie,1,8
Dove,1,8
Drusilla,1,8
Elena,1,8
Elenora,1,8
Elmina,1,8
Ethyl,1,8
Evalyn,1,8
Evelina,1,8
Faye,1,8
Huldah,1,8
Idell,1,8
Inga,1,8
Irena,1,8
Jewell,1,8
Kattie,1,8
Lavenia,1,8
Leslie,1,8
Lovina,1,8
Lulie,1,8
Magnolia,1,8
Margeret,1,8
Margery,1,8
Media,1,8
Millicent,1,8
Nena,1,8
Ocie,1,8
Orilla,1,8
Osie,1,8
Pansy,1,8
Ray,1,8
Rosia,1,8
Rowena,1,8
Shirley,1,8
Tabitha,1,8
Thomas,1,8
Verdie,1,8
Walter,1,8
Zetta,1,8
Zoa,1,8
Zona,1,8
Albertina,1,7
Albina,1,7
Alyce,1,7
Amie,1,7
Angela,1,7
Annis,1,7
Carol,1,7
Carra,1,7
Clarence,1,7
Clarinda,1,7
Delphia,1,7
Dillie,1,7
Doshie,1,7
Drucilla,1,7
Etna,1,7
Eugenie,1,7
Eulalia,1,7
Eve,1,7
Felicia,1,7
Florance,1,7
Fronie,1,7
Geraldine,1,7
Gina,1,7
Glenna,1,7
Grayce,1,7
Hedwig,1,7
Jessica,1,7
Jossie,1,7
Katheryn,1,7
Katy,1,7
Lea,1,7
Leanna,1,7
Leitha,1,7
Leone,1,7
Lidie,1,7
Loma,1,7
Lular,1,7
Magdalen,1,7
Maymie,1,7
Minervia,1,7
Muriel,1,7
Neppie,1,7
Olie,1,7
Onie,1,7
Osa,1,7
Otelia,1,7
Paralee,1,7
Patience,1,7
Rella,1,7
Rillie,1,7
Rosanna,1,7
Theo,1,7
Tilda,1,7
Tishie,1,7
Tressa,1,7
Viva,1,7
Yetta,1,7
Zena,1,7
Zola,1,7
Abby,1,6
Aileen,1,6
Alba,1,6
Alda,1,6
Alla,1,6
Alverta,1,6
Ara,1,6
Ardelia,1,6
Ardella,1,6
Arrie,1,6
Arvilla,1,6
Augustine,1,6
Aurora,1,6
Bama,1,6
Bena,1,6
Byrd,1,6
Calla,1,6
Camilla,1,6
Carey,1,6
Carlotta,1,6
Celestia,1,6
Cherry,1,6
Cinda,1,6
Classie,1,6
Claudine,1,6
Clemie,1,6
Clifford,1,6
Clyda,1,6
Creola,1,6
Debbie,1,6
Dee,1,6
Dinah,1,6
Doshia,1,6
Ednah,1,6
Edyth,1,6
Eleanora,1,6
Electa,1,6
Eola,1,6
Erie,1,6
Eudora,1,6
Euphemia,1,6
Evalena,1,6
Evaline,1,6
Faith,1,6
Fidelia,1,6
Freddie,1,6
Golda,1,6
Harry,1,6
Helma,1,6
Hermine,1,6
Hessie,1,6
Ivah,1,6
Janette,1,6
Jennette,1,6
Joella,1,6
Kathryne,1,6
Lacy,1,6
Lanie,1,6
Lauretta,1,6
Leana,1,6
Leatha,1,6
Leo,1,6
Liller,1,6
Lillis,1,6
Louetta,1,6
Madie,1,6
Mai,1,6
Martina,1,6
Maryann,1,6
Melva,1,6
Mena,1,6
Mercedes,1,6
Merle,1,6
Mima,1,6
Minda,1,6
Monica,1,6
Nealie,1,6
Netta,1,6
Nolia,1,6
Nonie,1,6
Odelia,1,6
Ottilie,1,6
Phyllis,1,6
Robbie,1,6
Sabina,1,6
Sada,1,6
Sammie,1,6
Suzanne,1,6
Sybilla,1,6
Thea,1,6
Tressie,1,6
Vallie,1,6
Venie,1,6
Viney,1,6
Wilhelmine,1,6
Winona,1,6
Zelda,1,6
Zilpha,1,6
Adelle,1,5
Adina,1,5
Adrienne,1,5
Albertine,1,5
Alys,1,5
Ana,1,5
Araminta,1,5
Arthur,1,5
Birtha,1,5
Bulah,1,5
Caddie,1,5
Celie,1,5
Charlotta,1,5
Clair,1,5
Concepcion,1,5
Cordella,1,5
Corrine,1,5
Delila,1,5
Delphine,1,5
Dosha,1,5
Edgar,1,5
Elaine,1,5
Elisa,1,5
Ellar,1,5
Elmire,1,5
Elvina,1,5
Ena,1,5
Estie,1,5
Etter,1,5
Fronnie,1,5
Genie,1,5
Georgina,1,5
Glenn,1,5
Gracia,1,5
Guadalupe,1,5
Gwendolyn,1,5
Hassie,1,5
Honora,1,5
Icy,1,5
Isa,1,5
Isadora,1,5
Jesse,1,5
Jewel,1,5
Joe,1,5
Johannah,1,5
Juana,1,5
Judith,1,5
Judy,1,5
Junie,1,5
Lavonia,1,5
Lella,1,5
Lemma,1,5
Letty,1,5
Linna,1,5
Littie,1,5
Lollie,1,5
Lorene,1,5
Louis,1,5
Love,1,5
Lovisa,1,5
Lucina,1,5
Lynn,1,5
Madora,1,5
Mahalia,1,5
Manervia,1,5
Manuela,1,5
Margarett,1,5
Margaretta,1,5
Margarita,1,5
Marilla,1,5
Mignon,1,5
Mozella,1,5
Natalie,1,5
Nelia,1,5
Nolie,1,5
Omie,1,5
Opal,1,5
Ossie,1,5
Ottie,1,5
Ottilia,1,5
Parthenia,1,5
Penelope,1,5
Pinkey,1,5
Pollie,1,5
Rennie,1,5
Reta,1,5
Roena,1,5
Rosalee,1,5
Roseanna,1,5
Ruthie,1,5
Sabra,1,5
Sannie,1,5
Selena,1,5
Sibyl,1,5
Tella,1,5
Tempie,1,5
Tennessee,1,5
Teressa,1,5
Texas,1,5
Theda,1,5
Thelma,1,5
Thursa,1,5
Ula,1,5
Vannie,1,5
Verona,1,5
Vertie,1,5
Wilma,1,5
John,0,9655
William,0,9532
James,0,5927
Charles,0,5348
George,0,5126
Frank,0,3242
Joseph,0,2632
Thomas,0,2534
Henry,0,2444
Robert,0,2415
Edward,0,2364
Harry,0,2152
Walter,0,1755
Arthur,0,1599
Fred,0,1569
Albert,0,1493
Samuel,0,1024
David,0,869
Louis,0,828
Joe,0,731
Charlie,0,730
Clarence,0,730
Richard,0,728
Andrew,0,644
Daniel,0,643
Ernest,0,615
Will,0,588
Jesse,0,569
Oscar,0,544
Lewis,0,517
Peter,0,496
Benjamin,0,490
Frederick,0,483
Willie,0,476
Alfred,0,469
Sam,0,457
Roy,0,440
Herbert,0,424
Jacob,0,404
Tom,0,399
Elmer,0,373
Carl,0,372
Lee,0,361
Howard,0,357
Martin,0,357
Michael,0,354
Bert,0,348
Herman,0,347
Jim,0,345
Francis,0,344
Harvey,0,344
Earl,0,335
Eugene,0,328
Ralph,0,317
Ed,0,310
Claude,0,309
Edwin,0,309
Ben,0,305
Charley,0,305
Paul,0,301
Edgar,0,283
Isaac,0,274
Otto,0,271
Luther,0,260
Lawrence,0,257
Ira,0,249
Patrick,0,248
Guy,0,239
Oliver,0,234
Theodore,0,232
Hugh,0,224
Clyde,0,221
Alexander,0,211
August,0,210
Floyd,0,206
Homer,0,205
Jack,0,204
Leonard,0,200
Horace,0,199
Marion,0,189
Philip,0,186
Allen,0,184
Archie,0,183
Stephen,0,176
Chester,0,168
Willis,0,166
Raymond,0,165
Rufus,0,163
Warren,0,158
Jessie,0,154
Milton,0,149
Alex,0,147
Leo,0,147
Julius,0,143
Ray,0,142
Sidney,0,142
Bernard,0,140
Dan,0,140
Jerry,0,136
Calvin,0,134
Perry,0,134
Dave,0,131
Anthony,0,130
Eddie,0,129
Amos,0,128
Dennis,0,128
Clifford,0,127
Leroy,0,124
Wesley,0,123
Alonzo,0,122
Garfield,0,122
Franklin,0,120
Emil,0,119
Leon,0,118
Nathan,0,114
Harold,0,113
Matthew,0,113
Levi,0,112
Moses,0,111
Everett,0,110
Lester,0,109
Winfield,0,108
Adam,0,104
Lloyd,0,104
Mack,0,104
Fredrick,0,103
Jay,0,103
Jess,0,103
Melvin,0,103
Noah,0,103
Aaron,0,102
Alvin,0,102
Norman,0,102
Gilbert,0,101
Elijah,0,100
Victor,0,100
Gus,0,99
Nelson,0,99
Jasper,0,98
Silas,0,98
Jake,0,96
Christopher,0,95
Mike,0,95
Percy,0,94
Adolph,0,93
Maurice,0,93
Cornelius,0,92
Felix,0,92
Reuben,0,92
Wallace,0,91
Claud,0,90
Roscoe,0,90
Sylvester,0,89
Earnest,0,88
Hiram,0,88
Otis,0,88
Simon,0,88
Willard,0,88
Irvin,0,86
Mark,0,85
Jose,0,84
Wilbur,0,82
Abraham,0,81
Virgil,0,81
Clinton,0,79
Elbert,0,79
Leslie,0,79
Marshall,0,78
Owen,0,78
Wiley,0,78
Anton,0,77
Morris,0,77
Manuel,0,75
Phillip,0,75
Augustus,0,74
Emmett,0,74
Eli,0,73
Nicholas,0,73
Wilson,0,72
Alva,0,70
Harley,0,70
Newton,0,70
Timothy,0,70
Marvin,0,69
Ross,0,69
Curtis,0,68
Edmund,0,67
Jeff,0,66
Elias,0,65
Harrison,0,65
Stanley,0,65
Columbus,0,64
Lon,0,64
Ora,0,64
Ollie,0,63
Pearl,0,62
Russell,0,62
Solomon,0,62
Arch,0,61
Asa,0,60
Clayton,0,60
Enoch,0,60
Irving,0,60
Mathew,0,60
Nathaniel,0,60
Scott,0,60
Hubert,0,59
Lemuel,0,59
Andy,0,58
Ellis,0,58
Emanuel,0,57
Joshua,0,57
Millard,0,56
Vernon,0,56
Wade,0,56
Cyrus,0,54
Miles,0,54
Rudolph,0,54
Sherman,0,54
Austin,0,53
Bill,0,53
Chas,0,53
Lonnie,0,53
Monroe,0,53
Byron,0,52
Edd,0,52
Emery,0,52
Grant,0,52
Jerome,0,52
Max,0,52
Mose,0,52
Steve,0,52
Gordon,0,51
Abe,0,50
Pete,0,50
Chris,0,49
Clark,0,49
Gustave,0,49
Orville,0,49
Lorenzo,0,48
Bruce,0,47
Marcus,0,47
Preston,0,47
Bob,0,46
Dock,0,46
Donald,0,46
Jackson,0,46
Cecil,0,45
Barney,0,44
Delbert,0,44
Edmond,0,44
Anderson,0,43
Christian,0,43
Glenn,0,43
Jefferson,0,43
Luke,0,43
Neal,0,43
Burt,0,42
Ike,0,42
Myron,0,42
Tony,0,42
Conrad,0,41
Joel,0,41
Matt,0,41
Riley,0,41
Vincent,0,41
Emory,0,40
Isaiah,0,40
Nick,0,40
Ezra,0,39
Green,0,39
Juan,0,39
Clifton,0,38
Lucius,0,38
Porter,0,38
Arnold,0,37
Bud,0,37
Jeremiah,0,37
Taylor,0,37
Forrest,0,36
Roland,0,36
Spencer,0,35
Burton,0,34
Don,0,34
Emmet,0,34
Gustav,0,33
Louie,0,33
Morgan,0,33
Ned,0,33
Van,0,33
Ambrose,0,32
Chauncey,0,32
Elisha,0,32
Ferdinand,0,32
General,0,32
Julian,0,32
Kenneth,0,32
Mitchell,0,32
Allie,0,31
Josh,0,31
Judson,0,31
Lyman,0,31
Napoleon,0,31
Pedro,0,31
Berry,0,30
Dewitt,0,30
Ervin,0,30
Forest,0,30
Lynn,0,30
Pink,0,30
Ruben,0,30
Sanford,0,30
Ward,0,30
Douglas,0,29
Ole,0,29
Omer,0,29
Ulysses,0,29
Walker,0,29
Wilbert,0,29
Adelbert,0,28
Benjiman,0,28
Ivan,0,28
Jonas,0,28
Major,0,28
Abner,0,27
Archibald,0,27
Caleb,0,27
Clint,0,27
Dudley,0,27
Granville,0,27
King,0,27
Mary,0,27
Merton,0,27
Antonio,0,26
Bennie,0,26
Carroll,0,26
Freeman,0,26
Josiah,0,26
Milo,0,26
Royal,0,26
Dick,0,25
Earle,0,25
Elza,0,25
Emerson,0,25
Fletcher,0,25
Judge,0,25
Laurence,0,25
Roger,0,25
Seth,0,25
Glen,0,24
Hugo,0,24
Jimmie,0,24
Johnnie,0,24
Neil,0,24
Washington,0,24
Elwood,0,23
Gust,0,23
Harmon,0,23
Jordan,0,23
Simeon,0,23
Wayne,0,23
Wilber,0,23
Clem,0,22
Evan,0,22
Frederic,0,22
Irwin,0,22
Junius,0,22
Lafayette,0,22
Loren,0,22
Madison,0,22
Mason,0,22
Orval,0,22
Abram,0,21
Aubrey,0,21
Elliott,0,21
Hans,0,21
Karl,0,21
Minor,0,21
Wash,0,21
Wilfred,0,21
Allan,0,20
Alphonse,0,20
Dallas,0,20
Dee,0,20
Isiah,0,20
Jason,0,20
Johnny,0,20
Lawson,0,20
Lew,0,20
Micheal,0,20
Orin,0,20
Addison,0,19
Cal,0,19
Erastus,0,19
Francisco,0,19
Hardy,0,19
Lucien,0,19
Randolph,0,19
Stewart,0,19
Vern,0,19
Wilmer,0,19
Zack,0,19
Adrian,0,18
Alvah,0,18
Bertram,0,18
Clay,0,18
Ephraim,0,18
Fritz,0,18
Giles,0,18
Grover,0,18
Harris,0,18
Isom,0,18
Jesus,0,18
Johnie,0,18
Jonathan,0,18
Lucian,0,18
Malcolm,0,18
Merritt,0,18
Otho,0,18
Perley,0,18
Rolla,0,18
Sandy,0,18
Tomas,0,18
Wilford,0,18
Adolphus,0,17
Angus,0,17
Arther,0,17
Carlos,0,17
Cary,0,17
Cassius,0,17
Davis,0,17
Hamilton,0,17
Harve,0,17
Israel,0,17
Leander,0,17
Melville,0,17
Merle,0,17
Murray,0,17
Pleasant,0,17
Sterling,0,17
Steven,0,17
Axel,0,16
Boyd,0,16
Bryant,0,16
Clement,0,16
Erwin,0,16
Ezekiel,0,16
Foster,0,16
Frances,0,16
Geo,0,16
Houston,0,16
Issac,0,16
Jules,0,16
Larkin,0,16
Mat,0,16
Morton,0,16
Orlando,0,16
Pierce,0,16
Prince,0,16
Rollie,0,16
Rollin,0,16
Sim,0,16
Stuart,0,16
Wilburn,0,16
Bennett,0,15
Casper,0,15
Christ,0,15
Dell,0,15
Egbert,0,15
Elmo,0,15
Fay,0,15
Gabriel,0,15
Hector,0,15
Horatio,0,15
Lige,0,15
Saul,0,15
Smith,0,15
Squire,0,15
Tobe,0,15
Tommie,0,15
Wyatt,0,15
Alford,0,14
Alma,0,14
Alton,0,14
Andres,0,14
Burl,0,14
Cicero,0,14
Dean,0,14
Dorsey,0,14
Enos,0,14
Howell,0,14
Lou,0,14
Loyd,0,14
Mahlon,0,14
Nat,0,14
Omar,0,14
Oran,0,14
Parker,0,14
Raleigh,0,14
Reginald,0,14
Rubin,0,14
Seymour,0,14
Wm,0,14
Young,0,14
Benjamine,0,13
Carey,0,13
Carlton,0,13
Eldridge,0,13
Elzie,0,13
Garrett,0,13
Isham,0,13
Johnson,0,13
Larry,0,13
Logan,0,13
Merrill,0,13
Mont,0,13
Oren,0,13
Pierre,0,13
Rex,0,13
Rodney,0,13
Ted,0,13
Webster,0,13
West,0,13
Wheeler,0,13
Willam,0,13
Al,0,12
Aloysius,0,12
Alvie,0,12
Anna,0,12
Art,0,12
Augustine,0,12
Bailey,0,12
Benjaman,0,12
Beverly,0,12
Bishop,0,12
Clair,0,12
Cloyd,0,12
Coleman,0,12
Dana,0,12
Duncan,0,12
Dwight,0,12
Emile,0,12
Evert,0,12
Henderson,0,12
Hunter,0,12
Jean,0,12
Lem,0,12
Luis,0,12
Mathias,0,12
Maynard,0,12
Miguel,0,12
Mortimer,0,12
Nels,0,12
Norris,0,12
Pat,0,12
Phil,0,12
Rush,0,12
Santiago,0,12
Sol,0,12
Sydney,0,12
Thaddeus,0,12
Thornton,0,12
Tim,0,12
Travis,0,12
Truman,0,12
Watson,0,12
Webb,0,12
Wellington,0,12
Winfred,0,12
Wylie,0,12
Alec,0,11
Basil,0,11
Baxter,0,11
Bertrand,0,11
Buford,0,11
Burr,0,11
Cleveland,0,11
Colonel,0,11
Dempsey,0,11
Early,0,11
Ellsworth,0,11
Fate,0,11
Finley,0,11
Gabe,0,11
Garland,0,11
Gerald,0,11
Herschel,0,11
Hezekiah,0,11
Justus,0,11
Lindsey,0,11
Marcellus,0,11
Olaf,0,11
Olin,0,11
Pablo,0,11
Rolland,0,11
Turner,0,11
Verne,0,11
Volney,0,11
Williams,0,11
Almon,0,10
Alois,0,10
Alonza,0,10
Anson,0,10
Authur,0,10
Benton,0,10
Billie,0,10
Cornelious,0,10
Darius,0,10
Denis,0,10
Dillard,0,10
Doctor,0,10
Elvin,0,10
Emma,0,10
Eric,0,10
Evans,0,10
Gideon,0,10
Haywood,0,10
Hilliard,0,10
Hosea,0,10
Lincoln,0,10
Lonzo,0,10
Lucious,0,10
Lum,0,10
Malachi,0,10
Newt,0,10
Noel,0,10
Orie,0,10
Palmer,0,10
Pinkney,0,10
Shirley,0,10
Sumner,0,10
Terry,0,10
Urban,0,10
Uriah,0,10
Valentine,0,10
Waldo,0,10
Warner,0,10
Wong,0,10
Zeb,0,10
Abel,0,9
Alden,0,9
Archer,0,9
Avery,0,9
Carson,0,9
Cullen,0,9
Doc,0,9
Eben,0,9
Elige,0,9
Elizabeth,0,9
Elmore,0,9
Ernst,0,9
Finis,0,9
Freddie,0,9
Godfrey,0,9
Guss,0,9
Hamp,0,9
Hermann,0,9
Isadore,0,9
Isreal,0,9
Jones,0,9
June,0,9
Lacy,0,9
Lafe,0,9
Leland,0,9
Llewellyn,0,9
Ludwig,0,9
Manford,0,9
Maxwell,0,9
Minnie,0,9
Obie,0,9
Octave,0,9
Orrin,0,9
Ossie,0,9
Oswald,0,9
Park,0,9
Parley,0,9
Ramon,0,9
Rice,0,9
Stonewall,0,9
Theo,0,9
Tillman,0,9
Addie,0,8
Aron,0,8
Ashley,0,8
Bernhard,0,8
Bertie,0,8
Berton,0,8
Buster,0,8
Butler,0,8
Carleton,0,8
Carrie,0,8
Clara,0,8
Clarance,0,8
Clare,0,8
Crawford,0,8
Danial,0,8
Dayton,0,8
Dolphus,0,8
Elder,0,8
Ephriam,0,8
Fayette,0,8
Felipe,0,8
Fernando,0,8
Flem,0,8
Florence,0,8
Ford,0,8
Harlan,0,8
Hayes,0,8
Henery,0,8
Hoy,0,8
Huston,0,8
Ida,0,8
Ivory,0,8
Jonah,0,8
Justin,0,8
Lenard,0,8
Leopold,0,8
Lionel,0,8
Manley,0,8
Marquis,0,8
Marshal,0,8
Mart,0,8
Odie,0,8
Olen,0,8
Oral,0,8
Orley,0,8
Otha,0,8
Press,0,8
Price,0,8
Quincy,0,8
Randall,0,8
Rich,0,8
Richmond,0,8
Romeo,0,8
Russel,0,8
Rutherford,0,8
Shade,0,8
Shelby,0,8
Solon,0,8
Thurman,0,8
Tilden,0,8
Troy,0,8
Woodson,0,8
Worth,0,8
Aden,0,7
Alcide,0,7
Alf,0,7
Algie,0,7
Arlie,0,7
Bart,0,7
Bedford,0,7
Benito,0,7
Billy,0,7
Bird,0,7
Birt,0,7
Bruno,0,7
Burley,0,7
Chancy,0,7
Claus,0,7
Cliff,0,7
Clovis,0,7
Connie,0,7
Creed,0,7
Delos,0,7
Duke,0,7
Eber,0,7
Eligah,0,7
Elliot,0,7
Elton,0,7
Emmitt,0,7
Gene,0,7
Golden,0,7
Hal,0,7
Hardin,0,7
Harman,0,7
Hervey,0,7
Hollis,0,7
Ivey,0,7
Jennie,0,7
Len,0,7
Lindsay,0,7
Lonie,0,7
Lyle,0,7
Mac,0,7
Mal,0,7
Math,0,7
Miller,0,7
Orson,0,7
Osborne,0,7
Percival,0,7
Pleas,0,7
Ples,0,7
Rafael,0,7
Raoul,0,7
Roderick,0,7
Rose,0,7
Shelton,0,7
Sid,0,7
Theron,0,7
Tobias,0,7
Toney,0,7
Tyler,0,7
Vance,0,7
Vivian,0,7
Walton,0,7
Watt,0,7
Weaver,0,7
Wilton,0,7
Adolf,0,6
Albin,0,6
Albion,0,6
Allison,0,6
Alpha,0,6
Alpheus,0,6
Anastacio,0,6
Andre,0,6
Annie,0,6
Arlington,0,6
Armand,0,6
Asberry,0,6
Asbury,0,6
Asher,0,6
Augustin,0,6
Auther,0,6
Author,0,6
Ballard,0,6
Blas,0,6
Caesar,0,6
Candido,0,6
Cato,0,6
Clarke,0,6
Clemente,0,6
Colin,0,6
Commodore,0,6
Cora,0,6
Coy,0,6
Cruz,0,6
Curt,0,6
Damon,0,6
Davie,0,6
Delmar,0,6
Dexter,0,6
Dora,0,6
Doss,0,6
Drew,0,6
Edson,0,6
Elam,0,6
Elihu,0,6
Eliza,0,6
Elsie,0,6
Erie,0,6
Ernie,0,6
Ethel,0,6
Ferd,0,6
Friend,0,6
Garry,0,6
Gary,0,6
Grace,0,6
Gustaf,0,6
Hallie,0,6
Hampton,0,6
Harrie,0,6
Hattie,0,6
Hence,0,6
Hillard,0,6
Hollie,0,6
Holmes,0,6
Hope,0,6
Hyman,0,6
Ishmael,0,6
Jarrett,0,6
Jessee,0,6
Joeseph,0,6
Junious,0,6
Kirk,0,6
Levy,0,6
Mervin,0,6
Michel,0,6
Milford,0,6
Mitchel,0,6
Nellie,0,6
Noble,0,6
Obed,0,6
Oda,0,6
Orren,0,6
Ottis,0,6
Rafe,0,6
Redden,0,6
Reese,0,6
Rube,0,6
Ruby,0,6
Rupert,0,6
Salomon,0,6
Sammie,0,6
Sanders,0,6
Soloman,0,6
Stacy,0,6
Stanford,0,6
Stanton,0,6
Thad,0,6
Titus,0,6
Tracy,0,6
Vernie,0,6
Wendell,0,6
Wilhelm,0,6
Willian,0,6
Yee,0,6
Zeke,0,6
Ab,0,5
Abbott,0,5
Agustus,0,5
Albertus,0,5
Almer,0,5
Alphonso,0,5
Alvia,0,5
Artie,0,5
Arvid,0,5
Ashby,0,5
Augusta,0,5
Aurthur,0,5
Babe,0,5
Baldwin,0,5
Barnett,0,5
Bartholomew,0,5
Barton,0,5
Bernie,0,5
Blaine,0,5
Boston,0,5
Brad,0,5
Bradford,0,5
Bradley,0,5
Brooks,0,5
Buck,0,5
Budd,0,5
Ceylon,0,5
Chalmers,0,5
Chesley,0,5
Chin,0,5
Cleo,0,5
Crockett,0,5
Cyril,0,5
Daisy,0,5
Denver,0,5
Dow,0,5
Duff,0,5
Edie,0,5
Edith,0,5
Elick,0,5
Elie,0,5
Eliga,0,5
Eliseo,0,5
Elroy,0,5
Ely,0,5
Ennis,0,5
Enrique,0,5
Erasmus,0,5
Esau,0,5
Everette,0,5
Firman,0,5
Fleming,0,5
Flora,0,5
Gardner,0,5
Gee,0,5
Gorge,0,5
Gottlieb,0,5
Gregorio,0,5
Gregory,0,5
Gustavus,0,5
Halsey,0,5
Handy,0,5
Hardie,0,5
Harl,0,5
Hayden,0,5
Hays,0,5
Hermon,0,5
Hershel,0,5
Holly,0,5
Hosteen,0,5
Hoyt,0,5
Hudson,0,5
Huey,0,5
Humphrey,0,5
Hunt,0,5
Hyrum,0,5
Irven,0,5
Isam,0,5
Ivy,0,5
Jabez,0,5
Jewel,0,5
Jodie,0,5
Judd,0,5
Julious,0,5
Justice,0,5
Katherine,0,5
Kelly,0,5
Kit,0,5
Knute,0,5
Lavern,0,5
Lawyer,0,5
Layton,0,5
Leonidas,0,5
Lewie,0,5
Lillie,0,5
Linwood,0,5
Loran,0,5
Lorin,0,5
Mace,0,5
Malcom,0,5
Manly,0,5
Manson,0,5
Matthias,0,5
Mattie,0,5
Merida,0,5
Miner,0,5
Montgomery,0,5
Moroni,0,5
Murdock,0,5
Myrtle,0,5
Nate,0,5
Nathanial,0,5
Nimrod,0,5
Nora,0,5
Norval,0,5
Nova,0,5
Orion,0,5
Orla,0,5
Orrie,0,5
Payton,0,5
Philo,0,5
Phineas,0,5
Presley,0,5
Ransom,0,5
Reece,0,5
Rene,0,5
Roswell,0,5
Rowland,0,5
Sampson,0,5
Samual,0,5
Santos,0,5
Schuyler,0,5
Sheppard,0,5
Spurgeon,0,5
Starling,0,5
Sylvanus,0,5
Theadore,0,5
Theophile,0,5
Tilmon,0,5
Tommy,0,5
Unknown,0,5
Vann,0,5
Wes,0,5
Winston,0,5
Wood,0,5
Woodie,0,5
Worthy,0,5
Wright,0,5
York,0,5
Zachariah,0,5
