,examples,label,bin
0,<|endoftext|> He,pronouns,1
1,<|endoftext|> His,pronouns,1
2,<|endoftext|>He,pronouns,1
3,<|endoftext|>His,pronouns,1
4,<|endoftext|> he,pronouns,1
5,<|endoftext|> his,pronouns,1
6,<|endoftext|>he,pronouns,1
7,<|endoftext|>his,pronouns,1
8,<|endoftext|> She,pronouns,-1
9,<|endoftext|> Her,pronouns,-1
10,<|endoftext|>She,pronouns,-1
11,<|endoftext|>Her,pronouns,-1
12,<|endoftext|> she,pronouns,-1
13,<|endoftext|> her,pronouns,-1
14,<|endoftext|>she,pronouns,-1
15,<|endoftext|>her,pronouns,-1
16,<|endoftext|>The countryman,nouns,1
17,<|endoftext|> countryman,nouns,1
18,<|endoftext|>The wizards,nouns,1
19,<|endoftext|> wizards,nouns,1
20,<|endoftext|>The manservant,nouns,1
21,<|endoftext|> manservant,nouns,1
22,<|endoftext|>The fathers,nouns,1
23,<|endoftext|> fathers,nouns,1
24,<|endoftext|>The divo,nouns,1
25,<|endoftext|> divo,nouns,1
26,<|endoftext|>The actor,nouns,1
27,<|endoftext|> actor,nouns,1
28,<|endoftext|>The bachelor,nouns,1
29,<|endoftext|> bachelor,nouns,1
30,<|endoftext|>The papa,nouns,1
31,<|endoftext|> papa,nouns,1
32,<|endoftext|>The dukes,nouns,1
33,<|endoftext|> dukes,nouns,1
34,<|endoftext|>The barman,nouns,1
35,<|endoftext|> barman,nouns,1
36,<|endoftext|>The countrymen,nouns,1
37,<|endoftext|> countrymen,nouns,1
38,<|endoftext|>The brideprice,nouns,1
39,<|endoftext|> brideprice,nouns,1
40,<|endoftext|>The hosts,nouns,1
41,<|endoftext|> hosts,nouns,1
42,<|endoftext|>The airmen,nouns,1
43,<|endoftext|> airmen,nouns,1
44,<|endoftext|>The prince,nouns,1
45,<|endoftext|> prince,nouns,1
46,<|endoftext|>The governors,nouns,1
47,<|endoftext|> governors,nouns,1
48,<|endoftext|>The abbot,nouns,1
49,<|endoftext|> abbot,nouns,1
50,<|endoftext|>The men,nouns,1
51,<|endoftext|> men,nouns,1
52,<|endoftext|>The widower,nouns,1
53,<|endoftext|> widower,nouns,1
54,<|endoftext|>The gentlemen,nouns,1
55,<|endoftext|> gentlemen,nouns,1
56,<|endoftext|>The sorcerers,nouns,1
57,<|endoftext|> sorcerers,nouns,1
58,<|endoftext|>The bridegrooms,nouns,1
59,<|endoftext|> bridegrooms,nouns,1
60,<|endoftext|>The baron,nouns,1
61,<|endoftext|> baron,nouns,1
62,<|endoftext|>The househusbands,nouns,1
63,<|endoftext|> househusbands,nouns,1
64,<|endoftext|>The gods,nouns,1
65,<|endoftext|> gods,nouns,1
66,<|endoftext|>The nephew,nouns,1
67,<|endoftext|> nephew,nouns,1
68,<|endoftext|>The widowers,nouns,1
69,<|endoftext|> widowers,nouns,1
70,<|endoftext|>The lord,nouns,1
71,<|endoftext|> lord,nouns,1
72,<|endoftext|>The brother,nouns,1
73,<|endoftext|> brother,nouns,1
74,<|endoftext|>The grooms,nouns,1
75,<|endoftext|> grooms,nouns,1
76,<|endoftext|>The priest,nouns,1
77,<|endoftext|> priest,nouns,1
78,<|endoftext|>The bellboys,nouns,1
79,<|endoftext|> bellboys,nouns,1
80,<|endoftext|>The marquis,nouns,1
81,<|endoftext|> marquis,nouns,1
82,<|endoftext|>The princes,nouns,1
83,<|endoftext|> princes,nouns,1
84,<|endoftext|>The emperors,nouns,1
85,<|endoftext|> emperors,nouns,1
86,<|endoftext|>The stallion,nouns,1
87,<|endoftext|> stallion,nouns,1
88,<|endoftext|>The chairman,nouns,1
89,<|endoftext|> chairman,nouns,1
90,<|endoftext|>The monastery,nouns,1
91,<|endoftext|> monastery,nouns,1
92,<|endoftext|>The priests,nouns,1
93,<|endoftext|> priests,nouns,1
94,<|endoftext|>The boyhood,nouns,1
95,<|endoftext|> boyhood,nouns,1
96,<|endoftext|>The fellas,nouns,1
97,<|endoftext|> fellas,nouns,1
98,<|endoftext|>The king,nouns,1
99,<|endoftext|> king,nouns,1
100,<|endoftext|>The dudes,nouns,1
101,<|endoftext|> dudes,nouns,1
102,<|endoftext|>The daddies,nouns,1
103,<|endoftext|> daddies,nouns,1
104,<|endoftext|>The manservant,nouns,1
105,<|endoftext|> manservant,nouns,1
106,<|endoftext|>The spokesman,nouns,1
107,<|endoftext|> spokesman,nouns,1
108,<|endoftext|>The tailor,nouns,1
109,<|endoftext|> tailor,nouns,1
110,<|endoftext|>The cowboys,nouns,1
111,<|endoftext|> cowboys,nouns,1
112,<|endoftext|>The dude,nouns,1
113,<|endoftext|> dude,nouns,1
114,<|endoftext|>The bachelors,nouns,1
115,<|endoftext|> bachelors,nouns,1
116,<|endoftext|>The emperor,nouns,1
117,<|endoftext|> emperor,nouns,1
118,<|endoftext|>The daddy,nouns,1
119,<|endoftext|> daddy,nouns,1
120,<|endoftext|>The masculism,nouns,1
121,<|endoftext|> masculism,nouns,1
122,<|endoftext|>The guys,nouns,1
123,<|endoftext|> guys,nouns,1
124,<|endoftext|>The enchanter,nouns,1
125,<|endoftext|> enchanter,nouns,1
126,<|endoftext|>The guy,nouns,1
127,<|endoftext|> guy,nouns,1
128,<|endoftext|>The fatherhood,nouns,1
129,<|endoftext|> fatherhood,nouns,1
130,<|endoftext|>The androgen,nouns,1
131,<|endoftext|> androgen,nouns,1
132,<|endoftext|>The cameramen,nouns,1
133,<|endoftext|> cameramen,nouns,1
134,<|endoftext|>The godfather,nouns,1
135,<|endoftext|> godfather,nouns,1
136,<|endoftext|>The strongman,nouns,1
137,<|endoftext|> strongman,nouns,1
138,<|endoftext|>The god,nouns,1
139,<|endoftext|> god,nouns,1
140,<|endoftext|>The patriarch,nouns,1
141,<|endoftext|> patriarch,nouns,1
142,<|endoftext|>The uncle,nouns,1
143,<|endoftext|> uncle,nouns,1
144,<|endoftext|>The chairmen,nouns,1
145,<|endoftext|> chairmen,nouns,1
146,<|endoftext|>The brotherhood,nouns,1
147,<|endoftext|> brotherhood,nouns,1
148,<|endoftext|>The host,nouns,1
149,<|endoftext|> host,nouns,1
150,<|endoftext|>The husband,nouns,1
151,<|endoftext|> husband,nouns,1
152,<|endoftext|>The dad,nouns,1
153,<|endoftext|> dad,nouns,1
154,<|endoftext|>The steward,nouns,1
155,<|endoftext|> steward,nouns,1
156,<|endoftext|>The males,nouns,1
157,<|endoftext|> males,nouns,1
158,<|endoftext|>The spokesmen,nouns,1
159,<|endoftext|> spokesmen,nouns,1
160,<|endoftext|>The pa,nouns,1
161,<|endoftext|> pa,nouns,1
162,<|endoftext|>The beau,nouns,1
163,<|endoftext|> beau,nouns,1
164,<|endoftext|>The stud,nouns,1
165,<|endoftext|> stud,nouns,1
166,<|endoftext|>The bachelor,nouns,1
167,<|endoftext|> bachelor,nouns,1
168,<|endoftext|>The wizard,nouns,1
169,<|endoftext|> wizard,nouns,1
170,<|endoftext|>The sir,nouns,1
171,<|endoftext|> sir,nouns,1
172,<|endoftext|>The nephews,nouns,1
173,<|endoftext|> nephews,nouns,1
174,<|endoftext|>The bull,nouns,1
175,<|endoftext|> bull,nouns,1
176,<|endoftext|>The beaus,nouns,1
177,<|endoftext|> beaus,nouns,1
178,<|endoftext|>The councilmen,nouns,1
179,<|endoftext|> councilmen,nouns,1
180,<|endoftext|>The landlords,nouns,1
181,<|endoftext|> landlords,nouns,1
182,<|endoftext|>The grandson,nouns,1
183,<|endoftext|> grandson,nouns,1
184,<|endoftext|>The fiances,nouns,1
185,<|endoftext|> fiances,nouns,1
186,<|endoftext|>The stepfathers,nouns,1
187,<|endoftext|> stepfathers,nouns,1
188,<|endoftext|>The horsemen,nouns,1
189,<|endoftext|> horsemen,nouns,1
190,<|endoftext|>The grandfathers,nouns,1
191,<|endoftext|> grandfathers,nouns,1
192,<|endoftext|>The schoolboy,nouns,1
193,<|endoftext|> schoolboy,nouns,1
194,<|endoftext|>The rooster,nouns,1
195,<|endoftext|> rooster,nouns,1
196,<|endoftext|>The grandsons,nouns,1
197,<|endoftext|> grandsons,nouns,1
198,<|endoftext|>The bachelor,nouns,1
199,<|endoftext|> bachelor,nouns,1
200,<|endoftext|>The cameraman,nouns,1
201,<|endoftext|> cameraman,nouns,1
202,<|endoftext|>The dads,nouns,1
203,<|endoftext|> dads,nouns,1
204,<|endoftext|>The master,nouns,1
205,<|endoftext|> master,nouns,1
206,<|endoftext|>The lad,nouns,1
207,<|endoftext|> lad,nouns,1
208,<|endoftext|>The policeman,nouns,1
209,<|endoftext|> policeman,nouns,1
210,<|endoftext|>The monk,nouns,1
211,<|endoftext|> monk,nouns,1
212,<|endoftext|>The actors,nouns,1
213,<|endoftext|> actors,nouns,1
214,<|endoftext|>The salesmen,nouns,1
215,<|endoftext|> salesmen,nouns,1
216,<|endoftext|>The boyfriend,nouns,1
217,<|endoftext|> boyfriend,nouns,1
218,<|endoftext|>The councilman,nouns,1
219,<|endoftext|> councilman,nouns,1
220,<|endoftext|>The fella,nouns,1
221,<|endoftext|> fella,nouns,1
222,<|endoftext|>The statesman,nouns,1
223,<|endoftext|> statesman,nouns,1
224,<|endoftext|>The paternal,nouns,1
225,<|endoftext|> paternal,nouns,1
226,<|endoftext|>The chap,nouns,1
227,<|endoftext|> chap,nouns,1
228,<|endoftext|>The landlord,nouns,1
229,<|endoftext|> landlord,nouns,1
230,<|endoftext|>The brethren,nouns,1
231,<|endoftext|> brethren,nouns,1
232,<|endoftext|>The lords,nouns,1
233,<|endoftext|> lords,nouns,1
234,<|endoftext|>The bellboy,nouns,1
235,<|endoftext|> bellboy,nouns,1
236,<|endoftext|>The duke,nouns,1
237,<|endoftext|> duke,nouns,1
238,<|endoftext|>The ballet dancer,nouns,1
239,<|endoftext|> ballet dancer,nouns,1
240,<|endoftext|>The dudes,nouns,1
241,<|endoftext|> dudes,nouns,1
242,<|endoftext|>The fiance,nouns,1
243,<|endoftext|> fiance,nouns,1
244,<|endoftext|>The colts,nouns,1
245,<|endoftext|> colts,nouns,1
246,<|endoftext|>The husbands,nouns,1
247,<|endoftext|> husbands,nouns,1
248,<|endoftext|>The suitor,nouns,1
249,<|endoftext|> suitor,nouns,1
250,<|endoftext|>The businessman,nouns,1
251,<|endoftext|> businessman,nouns,1
252,<|endoftext|>The masseurs,nouns,1
253,<|endoftext|> masseurs,nouns,1
254,<|endoftext|>The hero,nouns,1
255,<|endoftext|> hero,nouns,1
256,<|endoftext|>The deer,nouns,1
257,<|endoftext|> deer,nouns,1
258,<|endoftext|>The busboys,nouns,1
259,<|endoftext|> busboys,nouns,1
260,<|endoftext|>The boyfriends,nouns,1
261,<|endoftext|> boyfriends,nouns,1
262,<|endoftext|>The kings,nouns,1
263,<|endoftext|> kings,nouns,1
264,<|endoftext|>The brothers,nouns,1
265,<|endoftext|> brothers,nouns,1
266,<|endoftext|>The masters,nouns,1
267,<|endoftext|> masters,nouns,1
268,<|endoftext|>The stepfather,nouns,1
269,<|endoftext|> stepfather,nouns,1
270,<|endoftext|>The grooms,nouns,1
271,<|endoftext|> grooms,nouns,1
272,<|endoftext|>The son,nouns,1
273,<|endoftext|> son,nouns,1
274,<|endoftext|>The studs,nouns,1
275,<|endoftext|> studs,nouns,1
276,<|endoftext|>The cowboy,nouns,1
277,<|endoftext|> cowboy,nouns,1
278,<|endoftext|>The mentleman,nouns,1
279,<|endoftext|> mentleman,nouns,1
280,<|endoftext|>The sons,nouns,1
281,<|endoftext|> sons,nouns,1
282,<|endoftext|>The baritone,nouns,1
283,<|endoftext|> baritone,nouns,1
284,<|endoftext|>The salesman,nouns,1
285,<|endoftext|> salesman,nouns,1
286,<|endoftext|>The paramour,nouns,1
287,<|endoftext|> paramour,nouns,1
288,<|endoftext|>The male_host,nouns,1
289,<|endoftext|> male_host,nouns,1
290,<|endoftext|>The monks,nouns,1
291,<|endoftext|> monks,nouns,1
292,<|endoftext|>The menservants,nouns,1
293,<|endoftext|> menservants,nouns,1
294,<|endoftext|>The headmasters,nouns,1
295,<|endoftext|> headmasters,nouns,1
296,<|endoftext|>The lads,nouns,1
297,<|endoftext|> lads,nouns,1
298,<|endoftext|>The congressman,nouns,1
299,<|endoftext|> congressman,nouns,1
300,<|endoftext|>The airman,nouns,1
301,<|endoftext|> airman,nouns,1
302,<|endoftext|>The househusband,nouns,1
303,<|endoftext|> househusband,nouns,1
304,<|endoftext|>The priest,nouns,1
305,<|endoftext|> priest,nouns,1
306,<|endoftext|>The barmen,nouns,1
307,<|endoftext|> barmen,nouns,1
308,<|endoftext|>The barons,nouns,1
309,<|endoftext|> barons,nouns,1
310,<|endoftext|>The handyman,nouns,1
311,<|endoftext|> handyman,nouns,1
312,<|endoftext|>The beard,nouns,1
313,<|endoftext|> beard,nouns,1
314,<|endoftext|>The stewards,nouns,1
315,<|endoftext|> stewards,nouns,1
316,<|endoftext|>The colt,nouns,1
317,<|endoftext|> colt,nouns,1
318,<|endoftext|>The czar,nouns,1
319,<|endoftext|> czar,nouns,1
320,<|endoftext|>The stepsons,nouns,1
321,<|endoftext|> stepsons,nouns,1
322,<|endoftext|>The boys,nouns,1
323,<|endoftext|> boys,nouns,1
324,<|endoftext|>The lions,nouns,1
325,<|endoftext|> lions,nouns,1
326,<|endoftext|>The gentleman,nouns,1
327,<|endoftext|> gentleman,nouns,1
328,<|endoftext|>The masseur,nouns,1
329,<|endoftext|> masseur,nouns,1
330,<|endoftext|>The bulls,nouns,1
331,<|endoftext|> bulls,nouns,1
332,<|endoftext|>The uncles,nouns,1
333,<|endoftext|> uncles,nouns,1
334,<|endoftext|>The bloke,nouns,1
335,<|endoftext|> bloke,nouns,1
336,<|endoftext|>The beards,nouns,1
337,<|endoftext|> beards,nouns,1
338,<|endoftext|>The hubby,nouns,1
339,<|endoftext|> hubby,nouns,1
340,<|endoftext|>The lion,nouns,1
341,<|endoftext|> lion,nouns,1
342,<|endoftext|>The sorcerer,nouns,1
343,<|endoftext|> sorcerer,nouns,1
344,<|endoftext|>The father,nouns,1
345,<|endoftext|> father,nouns,1
346,<|endoftext|>The males,nouns,1
347,<|endoftext|> males,nouns,1
348,<|endoftext|>The waiters,nouns,1
349,<|endoftext|> waiters,nouns,1
350,<|endoftext|>The stepson,nouns,1
351,<|endoftext|> stepson,nouns,1
352,<|endoftext|>The businessmen,nouns,1
353,<|endoftext|> businessmen,nouns,1
354,<|endoftext|>The heir,nouns,1
355,<|endoftext|> heir,nouns,1
356,<|endoftext|>The waiter,nouns,1
357,<|endoftext|> waiter,nouns,1
358,<|endoftext|>The headmaster,nouns,1
359,<|endoftext|> headmaster,nouns,1
360,<|endoftext|>The man,nouns,1
361,<|endoftext|> man,nouns,1
362,<|endoftext|>The governor,nouns,1
363,<|endoftext|> governor,nouns,1
364,<|endoftext|>The god,nouns,1
365,<|endoftext|> god,nouns,1
366,<|endoftext|>The bridegroom,nouns,1
367,<|endoftext|> bridegroom,nouns,1
368,<|endoftext|>The grandpa,nouns,1
369,<|endoftext|> grandpa,nouns,1
370,<|endoftext|>The groom,nouns,1
371,<|endoftext|> groom,nouns,1
372,<|endoftext|>The dude,nouns,1
373,<|endoftext|> dude,nouns,1
374,<|endoftext|>The gents,nouns,1
375,<|endoftext|> gents,nouns,1
376,<|endoftext|>The boy,nouns,1
377,<|endoftext|> boy,nouns,1
378,<|endoftext|>The grandfather,nouns,1
379,<|endoftext|> grandfather,nouns,1
380,<|endoftext|>The gelding,nouns,1
381,<|endoftext|> gelding,nouns,1
382,<|endoftext|>The paternity,nouns,1
383,<|endoftext|> paternity,nouns,1
384,<|endoftext|>The roosters,nouns,1
385,<|endoftext|> roosters,nouns,1
386,<|endoftext|>The priests,nouns,1
387,<|endoftext|> priests,nouns,1
388,<|endoftext|>The manservants,nouns,1
389,<|endoftext|> manservants,nouns,1
390,<|endoftext|>The busboy,nouns,1
391,<|endoftext|> busboy,nouns,1
392,<|endoftext|>The heros,nouns,1
393,<|endoftext|> heros,nouns,1
394,<|endoftext|>The fraternal,nouns,1
395,<|endoftext|> fraternal,nouns,1
396,<|endoftext|>The adultry,nouns,1
397,<|endoftext|> adultry,nouns,1
398,<|endoftext|>The fraternity,nouns,1
399,<|endoftext|> fraternity,nouns,1
400,<|endoftext|>The fraternities,nouns,1
401,<|endoftext|> fraternities,nouns,1
402,<|endoftext|>The tailors,nouns,1
403,<|endoftext|> tailors,nouns,1
404,<|endoftext|>The abbots,nouns,1
405,<|endoftext|> abbots,nouns,1
406,<|endoftext|>The countrywoman,nouns,-1
407,<|endoftext|> countrywoman,nouns,-1
408,<|endoftext|>The witches,nouns,-1
409,<|endoftext|> witches,nouns,-1
410,<|endoftext|>The maidservant,nouns,-1
411,<|endoftext|> maidservant,nouns,-1
412,<|endoftext|>The mothers,nouns,-1
413,<|endoftext|> mothers,nouns,-1
414,<|endoftext|>The diva,nouns,-1
415,<|endoftext|> diva,nouns,-1
416,<|endoftext|>The actress,nouns,-1
417,<|endoftext|> actress,nouns,-1
418,<|endoftext|>The spinster,nouns,-1
419,<|endoftext|> spinster,nouns,-1
420,<|endoftext|>The mama,nouns,-1
421,<|endoftext|> mama,nouns,-1
422,<|endoftext|>The duchesses,nouns,-1
423,<|endoftext|> duchesses,nouns,-1
424,<|endoftext|>The barwoman,nouns,-1
425,<|endoftext|> barwoman,nouns,-1
426,<|endoftext|>The countrywomen,nouns,-1
427,<|endoftext|> countrywomen,nouns,-1
428,<|endoftext|>The dowry,nouns,-1
429,<|endoftext|> dowry,nouns,-1
430,<|endoftext|>The hostesses,nouns,-1
431,<|endoftext|> hostesses,nouns,-1
432,<|endoftext|>The airwomen,nouns,-1
433,<|endoftext|> airwomen,nouns,-1
434,<|endoftext|>The princess,nouns,-1
435,<|endoftext|> princess,nouns,-1
436,<|endoftext|>The governesses,nouns,-1
437,<|endoftext|> governesses,nouns,-1
438,<|endoftext|>The abbess,nouns,-1
439,<|endoftext|> abbess,nouns,-1
440,<|endoftext|>The women,nouns,-1
441,<|endoftext|> women,nouns,-1
442,<|endoftext|>The widow,nouns,-1
443,<|endoftext|> widow,nouns,-1
444,<|endoftext|>The ladies,nouns,-1
445,<|endoftext|> ladies,nouns,-1
446,<|endoftext|>The sorceresses,nouns,-1
447,<|endoftext|> sorceresses,nouns,-1
448,<|endoftext|>The brides,nouns,-1
449,<|endoftext|> brides,nouns,-1
450,<|endoftext|>The baroness,nouns,-1
451,<|endoftext|> baroness,nouns,-1
452,<|endoftext|>The housewives,nouns,-1
453,<|endoftext|> housewives,nouns,-1
454,<|endoftext|>The goddesses,nouns,-1
455,<|endoftext|> goddesses,nouns,-1
456,<|endoftext|>The niece,nouns,-1
457,<|endoftext|> niece,nouns,-1
458,<|endoftext|>The widows,nouns,-1
459,<|endoftext|> widows,nouns,-1
460,<|endoftext|>The lady,nouns,-1
461,<|endoftext|> lady,nouns,-1
462,<|endoftext|>The sister,nouns,-1
463,<|endoftext|> sister,nouns,-1
464,<|endoftext|>The brides,nouns,-1
465,<|endoftext|> brides,nouns,-1
466,<|endoftext|>The nun,nouns,-1
467,<|endoftext|> nun,nouns,-1
468,<|endoftext|>The bellgirls,nouns,-1
469,<|endoftext|> bellgirls,nouns,-1
470,<|endoftext|>The marchioness,nouns,-1
471,<|endoftext|> marchioness,nouns,-1
472,<|endoftext|>The princesses,nouns,-1
473,<|endoftext|> princesses,nouns,-1
474,<|endoftext|>The empresses,nouns,-1
475,<|endoftext|> empresses,nouns,-1
476,<|endoftext|>The mare,nouns,-1
477,<|endoftext|> mare,nouns,-1
478,<|endoftext|>The chairwoman,nouns,-1
479,<|endoftext|> chairwoman,nouns,-1
480,<|endoftext|>The convent,nouns,-1
481,<|endoftext|> convent,nouns,-1
482,<|endoftext|>The priestesses,nouns,-1
483,<|endoftext|> priestesses,nouns,-1
484,<|endoftext|>The girlhood,nouns,-1
485,<|endoftext|> girlhood,nouns,-1
486,<|endoftext|>The ladies,nouns,-1
487,<|endoftext|> ladies,nouns,-1
488,<|endoftext|>The queen,nouns,-1
489,<|endoftext|> queen,nouns,-1
490,<|endoftext|>The gals,nouns,-1
491,<|endoftext|> gals,nouns,-1
492,<|endoftext|>The mommies,nouns,-1
493,<|endoftext|> mommies,nouns,-1
494,<|endoftext|>The maid,nouns,-1
495,<|endoftext|> maid,nouns,-1
496,<|endoftext|>The spokeswoman,nouns,-1
497,<|endoftext|> spokeswoman,nouns,-1
498,<|endoftext|>The seamstress,nouns,-1
499,<|endoftext|> seamstress,nouns,-1
500,<|endoftext|>The cowgirls,nouns,-1
501,<|endoftext|> cowgirls,nouns,-1
502,<|endoftext|>The chick,nouns,-1
503,<|endoftext|> chick,nouns,-1
504,<|endoftext|>The spinsters,nouns,-1
505,<|endoftext|> spinsters,nouns,-1
506,<|endoftext|>The empress,nouns,-1
507,<|endoftext|> empress,nouns,-1
508,<|endoftext|>The mommy,nouns,-1
509,<|endoftext|> mommy,nouns,-1
510,<|endoftext|>The feminism,nouns,-1
511,<|endoftext|> feminism,nouns,-1
512,<|endoftext|>The gals,nouns,-1
513,<|endoftext|> gals,nouns,-1
514,<|endoftext|>The enchantress,nouns,-1
515,<|endoftext|> enchantress,nouns,-1
516,<|endoftext|>The gal,nouns,-1
517,<|endoftext|> gal,nouns,-1
518,<|endoftext|>The motherhood,nouns,-1
519,<|endoftext|> motherhood,nouns,-1
520,<|endoftext|>The estrogen,nouns,-1
521,<|endoftext|> estrogen,nouns,-1
522,<|endoftext|>The camerawomen,nouns,-1
523,<|endoftext|> camerawomen,nouns,-1
524,<|endoftext|>The godmother,nouns,-1
525,<|endoftext|> godmother,nouns,-1
526,<|endoftext|>The strongwoman,nouns,-1
527,<|endoftext|> strongwoman,nouns,-1
528,<|endoftext|>The goddess,nouns,-1
529,<|endoftext|> goddess,nouns,-1
530,<|endoftext|>The matriarch,nouns,-1
531,<|endoftext|> matriarch,nouns,-1
532,<|endoftext|>The aunt,nouns,-1
533,<|endoftext|> aunt,nouns,-1
534,<|endoftext|>The chairwomen,nouns,-1
535,<|endoftext|> chairwomen,nouns,-1
536,<|endoftext|>The sisterhood,nouns,-1
537,<|endoftext|> sisterhood,nouns,-1
538,<|endoftext|>The hostess,nouns,-1
539,<|endoftext|> hostess,nouns,-1
540,<|endoftext|>The wife,nouns,-1
541,<|endoftext|> wife,nouns,-1
542,<|endoftext|>The mom,nouns,-1
543,<|endoftext|> mom,nouns,-1
544,<|endoftext|>The stewardess,nouns,-1
545,<|endoftext|> stewardess,nouns,-1
546,<|endoftext|>The females,nouns,-1
547,<|endoftext|> females,nouns,-1
548,<|endoftext|>The spokeswomen,nouns,-1
549,<|endoftext|> spokeswomen,nouns,-1
550,<|endoftext|>The ma,nouns,-1
551,<|endoftext|> ma,nouns,-1
552,<|endoftext|>The belle,nouns,-1
553,<|endoftext|> belle,nouns,-1
554,<|endoftext|>The minx,nouns,-1
555,<|endoftext|> minx,nouns,-1
556,<|endoftext|>The maiden,nouns,-1
557,<|endoftext|> maiden,nouns,-1
558,<|endoftext|>The witch,nouns,-1
559,<|endoftext|> witch,nouns,-1
560,<|endoftext|>The miss,nouns,-1
561,<|endoftext|> miss,nouns,-1
562,<|endoftext|>The nieces,nouns,-1
563,<|endoftext|> nieces,nouns,-1
564,<|endoftext|>The mothered,nouns,-1
565,<|endoftext|> mothered,nouns,-1
566,<|endoftext|>The belles,nouns,-1
567,<|endoftext|> belles,nouns,-1
568,<|endoftext|>The councilwomen,nouns,-1
569,<|endoftext|> councilwomen,nouns,-1
570,<|endoftext|>The landladies,nouns,-1
571,<|endoftext|> landladies,nouns,-1
572,<|endoftext|>The granddaughter,nouns,-1
573,<|endoftext|> granddaughter,nouns,-1
574,<|endoftext|>The fiancees,nouns,-1
575,<|endoftext|> fiancees,nouns,-1
576,<|endoftext|>The stepmothers,nouns,-1
577,<|endoftext|> stepmothers,nouns,-1
578,<|endoftext|>The horsewomen,nouns,-1
579,<|endoftext|> horsewomen,nouns,-1
580,<|endoftext|>The grandmothers,nouns,-1
581,<|endoftext|> grandmothers,nouns,-1
582,<|endoftext|>The schoolgirl,nouns,-1
583,<|endoftext|> schoolgirl,nouns,-1
584,<|endoftext|>The hen,nouns,-1
585,<|endoftext|> hen,nouns,-1
586,<|endoftext|>The granddaughters,nouns,-1
587,<|endoftext|> granddaughters,nouns,-1
588,<|endoftext|>The bachelorette,nouns,-1
589,<|endoftext|> bachelorette,nouns,-1
590,<|endoftext|>The camerawoman,nouns,-1
591,<|endoftext|> camerawoman,nouns,-1
592,<|endoftext|>The moms,nouns,-1
593,<|endoftext|> moms,nouns,-1
594,<|endoftext|>The mistress,nouns,-1
595,<|endoftext|> mistress,nouns,-1
596,<|endoftext|>The lass,nouns,-1
597,<|endoftext|> lass,nouns,-1
598,<|endoftext|>The policewoman,nouns,-1
599,<|endoftext|> policewoman,nouns,-1
600,<|endoftext|>The nun,nouns,-1
601,<|endoftext|> nun,nouns,-1
602,<|endoftext|>The actresses,nouns,-1
603,<|endoftext|> actresses,nouns,-1
604,<|endoftext|>The saleswomen,nouns,-1
605,<|endoftext|> saleswomen,nouns,-1
606,<|endoftext|>The girlfriend,nouns,-1
607,<|endoftext|> girlfriend,nouns,-1
608,<|endoftext|>The councilwoman,nouns,-1
609,<|endoftext|> councilwoman,nouns,-1
610,<|endoftext|>The lady,nouns,-1
611,<|endoftext|> lady,nouns,-1
612,<|endoftext|>The stateswoman,nouns,-1
613,<|endoftext|> stateswoman,nouns,-1
614,<|endoftext|>The maternal,nouns,-1
615,<|endoftext|> maternal,nouns,-1
616,<|endoftext|>The lass,nouns,-1
617,<|endoftext|> lass,nouns,-1
618,<|endoftext|>The landlady,nouns,-1
619,<|endoftext|> landlady,nouns,-1
620,<|endoftext|>The sistren,nouns,-1
621,<|endoftext|> sistren,nouns,-1
622,<|endoftext|>The duchess,nouns,-1
623,<|endoftext|> duchess,nouns,-1
624,<|endoftext|>The bellgirl,nouns,-1
625,<|endoftext|> bellgirl,nouns,-1
626,<|endoftext|>The duchess,nouns,-1
627,<|endoftext|> duchess,nouns,-1
628,<|endoftext|>The ballerina,nouns,-1
629,<|endoftext|> ballerina,nouns,-1
630,<|endoftext|>The chicks,nouns,-1
631,<|endoftext|> chicks,nouns,-1
632,<|endoftext|>The fiancee,nouns,-1
633,<|endoftext|> fiancee,nouns,-1
634,<|endoftext|>The fillies,nouns,-1
635,<|endoftext|> fillies,nouns,-1
636,<|endoftext|>The wives,nouns,-1
637,<|endoftext|> wives,nouns,-1
638,<|endoftext|>The suitress,nouns,-1
639,<|endoftext|> suitress,nouns,-1
640,<|endoftext|>The businesswoman,nouns,-1
641,<|endoftext|> businesswoman,nouns,-1
642,<|endoftext|>The masseuses,nouns,-1
643,<|endoftext|> masseuses,nouns,-1
644,<|endoftext|>The heroine,nouns,-1
645,<|endoftext|> heroine,nouns,-1
646,<|endoftext|>The doe,nouns,-1
647,<|endoftext|> doe,nouns,-1
648,<|endoftext|>The busgirls,nouns,-1
649,<|endoftext|> busgirls,nouns,-1
650,<|endoftext|>The girlfriends,nouns,-1
651,<|endoftext|> girlfriends,nouns,-1
652,<|endoftext|>The queens,nouns,-1
653,<|endoftext|> queens,nouns,-1
654,<|endoftext|>The sisters,nouns,-1
655,<|endoftext|> sisters,nouns,-1
656,<|endoftext|>The mistresses,nouns,-1
657,<|endoftext|> mistresses,nouns,-1
658,<|endoftext|>The stepmother,nouns,-1
659,<|endoftext|> stepmother,nouns,-1
660,<|endoftext|>The brides,nouns,-1
661,<|endoftext|> brides,nouns,-1
662,<|endoftext|>The daughter,nouns,-1
663,<|endoftext|> daughter,nouns,-1
664,<|endoftext|>The minxes,nouns,-1
665,<|endoftext|> minxes,nouns,-1
666,<|endoftext|>The cowgirl,nouns,-1
667,<|endoftext|> cowgirl,nouns,-1
668,<|endoftext|>The lady,nouns,-1
669,<|endoftext|> lady,nouns,-1
670,<|endoftext|>The daughters,nouns,-1
671,<|endoftext|> daughters,nouns,-1
672,<|endoftext|>The mezzo,nouns,-1
673,<|endoftext|> mezzo,nouns,-1
674,<|endoftext|>The saleswoman,nouns,-1
675,<|endoftext|> saleswoman,nouns,-1
676,<|endoftext|>The mistress,nouns,-1
677,<|endoftext|> mistress,nouns,-1
678,<|endoftext|>The hostess,nouns,-1
679,<|endoftext|> hostess,nouns,-1
680,<|endoftext|>The nuns,nouns,-1
681,<|endoftext|> nuns,nouns,-1
682,<|endoftext|>The maids,nouns,-1
683,<|endoftext|> maids,nouns,-1
684,<|endoftext|>The headmistresses,nouns,-1
685,<|endoftext|> headmistresses,nouns,-1
686,<|endoftext|>The lasses,nouns,-1
687,<|endoftext|> lasses,nouns,-1
688,<|endoftext|>The congresswoman,nouns,-1
689,<|endoftext|> congresswoman,nouns,-1
690,<|endoftext|>The airwoman,nouns,-1
691,<|endoftext|> airwoman,nouns,-1
692,<|endoftext|>The housewife,nouns,-1
693,<|endoftext|> housewife,nouns,-1
694,<|endoftext|>The priestess,nouns,-1
695,<|endoftext|> priestess,nouns,-1
696,<|endoftext|>The barwomen,nouns,-1
697,<|endoftext|> barwomen,nouns,-1
698,<|endoftext|>The baronesses,nouns,-1
699,<|endoftext|> baronesses,nouns,-1
700,<|endoftext|>The handywoman,nouns,-1
701,<|endoftext|> handywoman,nouns,-1
702,<|endoftext|>The toque,nouns,-1
703,<|endoftext|> toque,nouns,-1
704,<|endoftext|>The stewardesses,nouns,-1
705,<|endoftext|> stewardesses,nouns,-1
706,<|endoftext|>The filly,nouns,-1
707,<|endoftext|> filly,nouns,-1
708,<|endoftext|>The czarina,nouns,-1
709,<|endoftext|> czarina,nouns,-1
710,<|endoftext|>The stepdaughters,nouns,-1
711,<|endoftext|> stepdaughters,nouns,-1
712,<|endoftext|>The girls,nouns,-1
713,<|endoftext|> girls,nouns,-1
714,<|endoftext|>The lionesses,nouns,-1
715,<|endoftext|> lionesses,nouns,-1
716,<|endoftext|>The lady,nouns,-1
717,<|endoftext|> lady,nouns,-1
718,<|endoftext|>The masseuse,nouns,-1
719,<|endoftext|> masseuse,nouns,-1
720,<|endoftext|>The cows,nouns,-1
721,<|endoftext|> cows,nouns,-1
722,<|endoftext|>The aunts,nouns,-1
723,<|endoftext|> aunts,nouns,-1
724,<|endoftext|>The wench,nouns,-1
725,<|endoftext|> wench,nouns,-1
726,<|endoftext|>The toques,nouns,-1
727,<|endoftext|> toques,nouns,-1
728,<|endoftext|>The wife,nouns,-1
729,<|endoftext|> wife,nouns,-1
730,<|endoftext|>The lioness,nouns,-1
731,<|endoftext|> lioness,nouns,-1
732,<|endoftext|>The sorceress,nouns,-1
733,<|endoftext|> sorceress,nouns,-1
734,<|endoftext|>The mother,nouns,-1
735,<|endoftext|> mother,nouns,-1
736,<|endoftext|>The females,nouns,-1
737,<|endoftext|> females,nouns,-1
738,<|endoftext|>The waitresses,nouns,-1
739,<|endoftext|> waitresses,nouns,-1
740,<|endoftext|>The stepdaughter,nouns,-1
741,<|endoftext|> stepdaughter,nouns,-1
742,<|endoftext|>The businesswomen,nouns,-1
743,<|endoftext|> businesswomen,nouns,-1
744,<|endoftext|>The heiress,nouns,-1
745,<|endoftext|> heiress,nouns,-1
746,<|endoftext|>The waitress,nouns,-1
747,<|endoftext|> waitress,nouns,-1
748,<|endoftext|>The headmistress,nouns,-1
749,<|endoftext|> headmistress,nouns,-1
750,<|endoftext|>The woman,nouns,-1
751,<|endoftext|> woman,nouns,-1
752,<|endoftext|>The governess,nouns,-1
753,<|endoftext|> governess,nouns,-1
754,<|endoftext|>The goddess,nouns,-1
755,<|endoftext|> goddess,nouns,-1
756,<|endoftext|>The bride,nouns,-1
757,<|endoftext|> bride,nouns,-1
758,<|endoftext|>The grandma,nouns,-1
759,<|endoftext|> grandma,nouns,-1
760,<|endoftext|>The bride,nouns,-1
761,<|endoftext|> bride,nouns,-1
762,<|endoftext|>The gal,nouns,-1
763,<|endoftext|> gal,nouns,-1
764,<|endoftext|>The ladies,nouns,-1
765,<|endoftext|> ladies,nouns,-1
766,<|endoftext|>The girl,nouns,-1
767,<|endoftext|> girl,nouns,-1
768,<|endoftext|>The grandmother,nouns,-1
769,<|endoftext|> grandmother,nouns,-1
770,<|endoftext|>The mare,nouns,-1
771,<|endoftext|> mare,nouns,-1
772,<|endoftext|>The maternity,nouns,-1
773,<|endoftext|> maternity,nouns,-1
774,<|endoftext|>The hens,nouns,-1
775,<|endoftext|> hens,nouns,-1
776,<|endoftext|>The nuns,nouns,-1
777,<|endoftext|> nuns,nouns,-1
778,<|endoftext|>The maidservants,nouns,-1
779,<|endoftext|> maidservants,nouns,-1
780,<|endoftext|>The busgirl,nouns,-1
781,<|endoftext|> busgirl,nouns,-1
782,<|endoftext|>The heroines,nouns,-1
783,<|endoftext|> heroines,nouns,-1
784,<|endoftext|>The sororal,nouns,-1
785,<|endoftext|> sororal,nouns,-1
786,<|endoftext|>The adultress,nouns,-1
787,<|endoftext|> adultress,nouns,-1
788,<|endoftext|>The sorority,nouns,-1
789,<|endoftext|> sorority,nouns,-1
790,<|endoftext|>The sororities,nouns,-1
791,<|endoftext|> sororities,nouns,-1
792,<|endoftext|>The seamstresses,nouns,-1
793,<|endoftext|> seamstresses,nouns,-1
794,<|endoftext|>The abbesses,nouns,-1
795,<|endoftext|> abbesses,nouns,-1
796,<|endoftext|> John,name,1
797,<|endoftext|>My name is John,name,1
798,<|endoftext|>His name is John,name,1
799,<|endoftext|> William,name,1
800,<|endoftext|>My name is William,name,1
801,<|endoftext|>His name is William,name,1
802,<|endoftext|> James,name,1
803,<|endoftext|>My name is James,name,1
804,<|endoftext|>His name is James,name,1
805,<|endoftext|> Charles,name,1
806,<|endoftext|>My name is Charles,name,1
807,<|endoftext|>His name is Charles,name,1
808,<|endoftext|> George,name,1
809,<|endoftext|>My name is George,name,1
810,<|endoftext|>His name is George,name,1
811,<|endoftext|> Frank,name,1
812,<|endoftext|>My name is Frank,name,1
813,<|endoftext|>His name is Frank,name,1
814,<|endoftext|> Joseph,name,1
815,<|endoftext|>My name is Joseph,name,1
816,<|endoftext|>His name is Joseph,name,1
817,<|endoftext|> Thomas,name,1
818,<|endoftext|>My name is Thomas,name,1
819,<|endoftext|>His name is Thomas,name,1
820,<|endoftext|> Henry,name,1
821,<|endoftext|>My name is Henry,name,1
822,<|endoftext|>His name is Henry,name,1
823,<|endoftext|> Robert,name,1
824,<|endoftext|>My name is Robert,name,1
825,<|endoftext|>His name is Robert,name,1
826,<|endoftext|> Edward,name,1
827,<|endoftext|>My name is Edward,name,1
828,<|endoftext|>His name is Edward,name,1
829,<|endoftext|> Harry,name,1
830,<|endoftext|>My name is Harry,name,1
831,<|endoftext|>His name is Harry,name,1
832,<|endoftext|> Walter,name,1
833,<|endoftext|>My name is Walter,name,1
834,<|endoftext|>His name is Walter,name,1
835,<|endoftext|> Arthur,name,1
836,<|endoftext|>My name is Arthur,name,1
837,<|endoftext|>His name is Arthur,name,1
838,<|endoftext|> Fred,name,1
839,<|endoftext|>My name is Fred,name,1
840,<|endoftext|>His name is Fred,name,1
841,<|endoftext|> Albert,name,1
842,<|endoftext|>My name is Albert,name,1
843,<|endoftext|>His name is Albert,name,1
844,<|endoftext|> Samuel,name,1
845,<|endoftext|>My name is Samuel,name,1
846,<|endoftext|>His name is Samuel,name,1
847,<|endoftext|> David,name,1
848,<|endoftext|>My name is David,name,1
849,<|endoftext|>His name is David,name,1
850,<|endoftext|> Louis,name,1
851,<|endoftext|>My name is Louis,name,1
852,<|endoftext|>His name is Louis,name,1
853,<|endoftext|> Joe,name,1
854,<|endoftext|>My name is Joe,name,1
855,<|endoftext|>His name is Joe,name,1
856,<|endoftext|> Charlie,name,1
857,<|endoftext|>My name is Charlie,name,1
858,<|endoftext|>His name is Charlie,name,1
859,<|endoftext|> Clarence,name,1
860,<|endoftext|>My name is Clarence,name,1
861,<|endoftext|>His name is Clarence,name,1
862,<|endoftext|> Richard,name,1
863,<|endoftext|>My name is Richard,name,1
864,<|endoftext|>His name is Richard,name,1
865,<|endoftext|> Andrew,name,1
866,<|endoftext|>My name is Andrew,name,1
867,<|endoftext|>His name is Andrew,name,1
868,<|endoftext|> Daniel,name,1
869,<|endoftext|>My name is Daniel,name,1
870,<|endoftext|>His name is Daniel,name,1
871,<|endoftext|> Ernest,name,1
872,<|endoftext|>My name is Ernest,name,1
873,<|endoftext|>His name is Ernest,name,1
874,<|endoftext|> Will,name,1
875,<|endoftext|>My name is Will,name,1
876,<|endoftext|>His name is Will,name,1
877,<|endoftext|> Jesse,name,1
878,<|endoftext|>My name is Jesse,name,1
879,<|endoftext|>His name is Jesse,name,1
880,<|endoftext|> Oscar,name,1
881,<|endoftext|>My name is Oscar,name,1
882,<|endoftext|>His name is Oscar,name,1
883,<|endoftext|> Lewis,name,1
884,<|endoftext|>My name is Lewis,name,1
885,<|endoftext|>His name is Lewis,name,1
886,<|endoftext|> Peter,name,1
887,<|endoftext|>My name is Peter,name,1
888,<|endoftext|>His name is Peter,name,1
889,<|endoftext|> Benjamin,name,1
890,<|endoftext|>My name is Benjamin,name,1
891,<|endoftext|>His name is Benjamin,name,1
892,<|endoftext|> Frederick,name,1
893,<|endoftext|>My name is Frederick,name,1
894,<|endoftext|>His name is Frederick,name,1
895,<|endoftext|> Willie,name,1
896,<|endoftext|>My name is Willie,name,1
897,<|endoftext|>His name is Willie,name,1
898,<|endoftext|> Alfred,name,1
899,<|endoftext|>My name is Alfred,name,1
900,<|endoftext|>His name is Alfred,name,1
901,<|endoftext|> Sam,name,1
902,<|endoftext|>My name is Sam,name,1
903,<|endoftext|>His name is Sam,name,1
904,<|endoftext|> Roy,name,1
905,<|endoftext|>My name is Roy,name,1
906,<|endoftext|>His name is Roy,name,1
907,<|endoftext|> Herbert,name,1
908,<|endoftext|>My name is Herbert,name,1
909,<|endoftext|>His name is Herbert,name,1
910,<|endoftext|> Jacob,name,1
911,<|endoftext|>My name is Jacob,name,1
912,<|endoftext|>His name is Jacob,name,1
913,<|endoftext|> Tom,name,1
914,<|endoftext|>My name is Tom,name,1
915,<|endoftext|>His name is Tom,name,1
916,<|endoftext|> Elmer,name,1
917,<|endoftext|>My name is Elmer,name,1
918,<|endoftext|>His name is Elmer,name,1
919,<|endoftext|> Carl,name,1
920,<|endoftext|>My name is Carl,name,1
921,<|endoftext|>His name is Carl,name,1
922,<|endoftext|> Lee,name,1
923,<|endoftext|>My name is Lee,name,1
924,<|endoftext|>His name is Lee,name,1
925,<|endoftext|> Howard,name,1
926,<|endoftext|>My name is Howard,name,1
927,<|endoftext|>His name is Howard,name,1
928,<|endoftext|> Martin,name,1
929,<|endoftext|>My name is Martin,name,1
930,<|endoftext|>His name is Martin,name,1
931,<|endoftext|> Michael,name,1
932,<|endoftext|>My name is Michael,name,1
933,<|endoftext|>His name is Michael,name,1
934,<|endoftext|> Bert,name,1
935,<|endoftext|>My name is Bert,name,1
936,<|endoftext|>His name is Bert,name,1
937,<|endoftext|> Herman,name,1
938,<|endoftext|>My name is Herman,name,1
939,<|endoftext|>His name is Herman,name,1
940,<|endoftext|> Jim,name,1
941,<|endoftext|>My name is Jim,name,1
942,<|endoftext|>His name is Jim,name,1
943,<|endoftext|> Francis,name,1
944,<|endoftext|>My name is Francis,name,1
945,<|endoftext|>His name is Francis,name,1
946,<|endoftext|> Harvey,name,1
947,<|endoftext|>My name is Harvey,name,1
948,<|endoftext|>His name is Harvey,name,1
949,<|endoftext|> Earl,name,1
950,<|endoftext|>My name is Earl,name,1
951,<|endoftext|>His name is Earl,name,1
952,<|endoftext|> Eugene,name,1
953,<|endoftext|>My name is Eugene,name,1
954,<|endoftext|>His name is Eugene,name,1
955,<|endoftext|> Ralph,name,1
956,<|endoftext|>My name is Ralph,name,1
957,<|endoftext|>His name is Ralph,name,1
958,<|endoftext|> Ed,name,1
959,<|endoftext|>My name is Ed,name,1
960,<|endoftext|>His name is Ed,name,1
961,<|endoftext|> Claude,name,1
962,<|endoftext|>My name is Claude,name,1
963,<|endoftext|>His name is Claude,name,1
964,<|endoftext|> Edwin,name,1
965,<|endoftext|>My name is Edwin,name,1
966,<|endoftext|>His name is Edwin,name,1
967,<|endoftext|> Ben,name,1
968,<|endoftext|>My name is Ben,name,1
969,<|endoftext|>His name is Ben,name,1
970,<|endoftext|> Charley,name,1
971,<|endoftext|>My name is Charley,name,1
972,<|endoftext|>His name is Charley,name,1
973,<|endoftext|> Paul,name,1
974,<|endoftext|>My name is Paul,name,1
975,<|endoftext|>His name is Paul,name,1
976,<|endoftext|> Edgar,name,1
977,<|endoftext|>My name is Edgar,name,1
978,<|endoftext|>His name is Edgar,name,1
979,<|endoftext|> Isaac,name,1
980,<|endoftext|>My name is Isaac,name,1
981,<|endoftext|>His name is Isaac,name,1
982,<|endoftext|> Otto,name,1
983,<|endoftext|>My name is Otto,name,1
984,<|endoftext|>His name is Otto,name,1
985,<|endoftext|> Luther,name,1
986,<|endoftext|>My name is Luther,name,1
987,<|endoftext|>His name is Luther,name,1
988,<|endoftext|> Lawrence,name,1
989,<|endoftext|>My name is Lawrence,name,1
990,<|endoftext|>His name is Lawrence,name,1
991,<|endoftext|> Ira,name,1
992,<|endoftext|>My name is Ira,name,1
993,<|endoftext|>His name is Ira,name,1
994,<|endoftext|> Patrick,name,1
995,<|endoftext|>My name is Patrick,name,1
996,<|endoftext|>His name is Patrick,name,1
997,<|endoftext|> Guy,name,1
998,<|endoftext|>My name is Guy,name,1
999,<|endoftext|>His name is Guy,name,1
1000,<|endoftext|> Oliver,name,1
1001,<|endoftext|>My name is Oliver,name,1
1002,<|endoftext|>His name is Oliver,name,1
1003,<|endoftext|> Theodore,name,1
1004,<|endoftext|>My name is Theodore,name,1
1005,<|endoftext|>His name is Theodore,name,1
1006,<|endoftext|> Hugh,name,1
1007,<|endoftext|>My name is Hugh,name,1
1008,<|endoftext|>His name is Hugh,name,1
1009,<|endoftext|> Clyde,name,1
1010,<|endoftext|>My name is Clyde,name,1
1011,<|endoftext|>His name is Clyde,name,1
1012,<|endoftext|> Alexander,name,1
1013,<|endoftext|>My name is Alexander,name,1
1014,<|endoftext|>His name is Alexander,name,1
1015,<|endoftext|> August,name,1
1016,<|endoftext|>My name is August,name,1
1017,<|endoftext|>His name is August,name,1
1018,<|endoftext|> Floyd,name,1
1019,<|endoftext|>My name is Floyd,name,1
1020,<|endoftext|>His name is Floyd,name,1
1021,<|endoftext|> Homer,name,1
1022,<|endoftext|>My name is Homer,name,1
1023,<|endoftext|>His name is Homer,name,1
1024,<|endoftext|> Jack,name,1
1025,<|endoftext|>My name is Jack,name,1
1026,<|endoftext|>His name is Jack,name,1
1027,<|endoftext|> Leonard,name,1
1028,<|endoftext|>My name is Leonard,name,1
1029,<|endoftext|>His name is Leonard,name,1
1030,<|endoftext|> Horace,name,1
1031,<|endoftext|>My name is Horace,name,1
1032,<|endoftext|>His name is Horace,name,1
1033,<|endoftext|> Marion,name,1
1034,<|endoftext|>My name is Marion,name,1
1035,<|endoftext|>His name is Marion,name,1
1036,<|endoftext|> Philip,name,1
1037,<|endoftext|>My name is Philip,name,1
1038,<|endoftext|>His name is Philip,name,1
1039,<|endoftext|> Allen,name,1
1040,<|endoftext|>My name is Allen,name,1
1041,<|endoftext|>His name is Allen,name,1
1042,<|endoftext|> Archie,name,1
1043,<|endoftext|>My name is Archie,name,1
1044,<|endoftext|>His name is Archie,name,1
1045,<|endoftext|> Stephen,name,1
1046,<|endoftext|>My name is Stephen,name,1
1047,<|endoftext|>His name is Stephen,name,1
1048,<|endoftext|> Chester,name,1
1049,<|endoftext|>My name is Chester,name,1
1050,<|endoftext|>His name is Chester,name,1
1051,<|endoftext|> Willis,name,1
1052,<|endoftext|>My name is Willis,name,1
1053,<|endoftext|>His name is Willis,name,1
1054,<|endoftext|> Raymond,name,1
1055,<|endoftext|>My name is Raymond,name,1
1056,<|endoftext|>His name is Raymond,name,1
1057,<|endoftext|> Rufus,name,1
1058,<|endoftext|>My name is Rufus,name,1
1059,<|endoftext|>His name is Rufus,name,1
1060,<|endoftext|> Warren,name,1
1061,<|endoftext|>My name is Warren,name,1
1062,<|endoftext|>His name is Warren,name,1
1063,<|endoftext|> Jessie,name,1
1064,<|endoftext|>My name is Jessie,name,1
1065,<|endoftext|>His name is Jessie,name,1
1066,<|endoftext|> Milton,name,1
1067,<|endoftext|>My name is Milton,name,1
1068,<|endoftext|>His name is Milton,name,1
1069,<|endoftext|> Alex,name,1
1070,<|endoftext|>My name is Alex,name,1
1071,<|endoftext|>His name is Alex,name,1
1072,<|endoftext|> Leo,name,1
1073,<|endoftext|>My name is Leo,name,1
1074,<|endoftext|>His name is Leo,name,1
1075,<|endoftext|> Julius,name,1
1076,<|endoftext|>My name is Julius,name,1
1077,<|endoftext|>His name is Julius,name,1
1078,<|endoftext|> Ray,name,1
1079,<|endoftext|>My name is Ray,name,1
1080,<|endoftext|>His name is Ray,name,1
1081,<|endoftext|> Sidney,name,1
1082,<|endoftext|>My name is Sidney,name,1
1083,<|endoftext|>His name is Sidney,name,1
1084,<|endoftext|> Bernard,name,1
1085,<|endoftext|>My name is Bernard,name,1
1086,<|endoftext|>His name is Bernard,name,1
1087,<|endoftext|> Dan,name,1
1088,<|endoftext|>My name is Dan,name,1
1089,<|endoftext|>His name is Dan,name,1
1090,<|endoftext|> Jerry,name,1
1091,<|endoftext|>My name is Jerry,name,1
1092,<|endoftext|>His name is Jerry,name,1
1093,<|endoftext|> Calvin,name,1
1094,<|endoftext|>My name is Calvin,name,1
1095,<|endoftext|>His name is Calvin,name,1
1096,<|endoftext|> Perry,name,1
1097,<|endoftext|>My name is Perry,name,1
1098,<|endoftext|>His name is Perry,name,1
1099,<|endoftext|> Dave,name,1
1100,<|endoftext|>My name is Dave,name,1
1101,<|endoftext|>His name is Dave,name,1
1102,<|endoftext|> Anthony,name,1
1103,<|endoftext|>My name is Anthony,name,1
1104,<|endoftext|>His name is Anthony,name,1
1105,<|endoftext|> Eddie,name,1
1106,<|endoftext|>My name is Eddie,name,1
1107,<|endoftext|>His name is Eddie,name,1
1108,<|endoftext|> Amos,name,1
1109,<|endoftext|>My name is Amos,name,1
1110,<|endoftext|>His name is Amos,name,1
1111,<|endoftext|> Dennis,name,1
1112,<|endoftext|>My name is Dennis,name,1
1113,<|endoftext|>His name is Dennis,name,1
1114,<|endoftext|> Clifford,name,1
1115,<|endoftext|>My name is Clifford,name,1
1116,<|endoftext|>His name is Clifford,name,1
1117,<|endoftext|> Leroy,name,1
1118,<|endoftext|>My name is Leroy,name,1
1119,<|endoftext|>His name is Leroy,name,1
1120,<|endoftext|> Wesley,name,1
1121,<|endoftext|>My name is Wesley,name,1
1122,<|endoftext|>His name is Wesley,name,1
1123,<|endoftext|> Alonzo,name,1
1124,<|endoftext|>My name is Alonzo,name,1
1125,<|endoftext|>His name is Alonzo,name,1
1126,<|endoftext|> Garfield,name,1
1127,<|endoftext|>My name is Garfield,name,1
1128,<|endoftext|>His name is Garfield,name,1
1129,<|endoftext|> Franklin,name,1
1130,<|endoftext|>My name is Franklin,name,1
1131,<|endoftext|>His name is Franklin,name,1
1132,<|endoftext|> Emil,name,1
1133,<|endoftext|>My name is Emil,name,1
1134,<|endoftext|>His name is Emil,name,1
1135,<|endoftext|> Leon,name,1
1136,<|endoftext|>My name is Leon,name,1
1137,<|endoftext|>His name is Leon,name,1
1138,<|endoftext|> Nathan,name,1
1139,<|endoftext|>My name is Nathan,name,1
1140,<|endoftext|>His name is Nathan,name,1
1141,<|endoftext|> Harold,name,1
1142,<|endoftext|>My name is Harold,name,1
1143,<|endoftext|>His name is Harold,name,1
1144,<|endoftext|> Matthew,name,1
1145,<|endoftext|>My name is Matthew,name,1
1146,<|endoftext|>His name is Matthew,name,1
1147,<|endoftext|> Levi,name,1
1148,<|endoftext|>My name is Levi,name,1
1149,<|endoftext|>His name is Levi,name,1
1150,<|endoftext|> Moses,name,1
1151,<|endoftext|>My name is Moses,name,1
1152,<|endoftext|>His name is Moses,name,1
1153,<|endoftext|> Everett,name,1
1154,<|endoftext|>My name is Everett,name,1
1155,<|endoftext|>His name is Everett,name,1
1156,<|endoftext|> Lester,name,1
1157,<|endoftext|>My name is Lester,name,1
1158,<|endoftext|>His name is Lester,name,1
1159,<|endoftext|> Winfield,name,1
1160,<|endoftext|>My name is Winfield,name,1
1161,<|endoftext|>His name is Winfield,name,1
1162,<|endoftext|> Adam,name,1
1163,<|endoftext|>My name is Adam,name,1
1164,<|endoftext|>His name is Adam,name,1
1165,<|endoftext|> Lloyd,name,1
1166,<|endoftext|>My name is Lloyd,name,1
1167,<|endoftext|>His name is Lloyd,name,1
1168,<|endoftext|> Mack,name,1
1169,<|endoftext|>My name is Mack,name,1
1170,<|endoftext|>His name is Mack,name,1
1171,<|endoftext|> Fredrick,name,1
1172,<|endoftext|>My name is Fredrick,name,1
1173,<|endoftext|>His name is Fredrick,name,1
1174,<|endoftext|> Jay,name,1
1175,<|endoftext|>My name is Jay,name,1
1176,<|endoftext|>His name is Jay,name,1
1177,<|endoftext|> Jess,name,1
1178,<|endoftext|>My name is Jess,name,1
1179,<|endoftext|>His name is Jess,name,1
1180,<|endoftext|> Melvin,name,1
1181,<|endoftext|>My name is Melvin,name,1
1182,<|endoftext|>His name is Melvin,name,1
1183,<|endoftext|> Noah,name,1
1184,<|endoftext|>My name is Noah,name,1
1185,<|endoftext|>His name is Noah,name,1
1186,<|endoftext|> Aaron,name,1
1187,<|endoftext|>My name is Aaron,name,1
1188,<|endoftext|>His name is Aaron,name,1
1189,<|endoftext|> Alvin,name,1
1190,<|endoftext|>My name is Alvin,name,1
1191,<|endoftext|>His name is Alvin,name,1
1192,<|endoftext|> Norman,name,1
1193,<|endoftext|>My name is Norman,name,1
1194,<|endoftext|>His name is Norman,name,1
1195,<|endoftext|> Gilbert,name,1
1196,<|endoftext|>My name is Gilbert,name,1
1197,<|endoftext|>His name is Gilbert,name,1
1198,<|endoftext|> Elijah,name,1
1199,<|endoftext|>My name is Elijah,name,1
1200,<|endoftext|>His name is Elijah,name,1
1201,<|endoftext|> Victor,name,1
1202,<|endoftext|>My name is Victor,name,1
1203,<|endoftext|>His name is Victor,name,1
1204,<|endoftext|> Gus,name,1
1205,<|endoftext|>My name is Gus,name,1
1206,<|endoftext|>His name is Gus,name,1
1207,<|endoftext|> Nelson,name,1
1208,<|endoftext|>My name is Nelson,name,1
1209,<|endoftext|>His name is Nelson,name,1
1210,<|endoftext|> Jasper,name,1
1211,<|endoftext|>My name is Jasper,name,1
1212,<|endoftext|>His name is Jasper,name,1
1213,<|endoftext|> Silas,name,1
1214,<|endoftext|>My name is Silas,name,1
1215,<|endoftext|>His name is Silas,name,1
1216,<|endoftext|> Jake,name,1
1217,<|endoftext|>My name is Jake,name,1
1218,<|endoftext|>His name is Jake,name,1
1219,<|endoftext|> Christopher,name,1
1220,<|endoftext|>My name is Christopher,name,1
1221,<|endoftext|>His name is Christopher,name,1
1222,<|endoftext|> Mike,name,1
1223,<|endoftext|>My name is Mike,name,1
1224,<|endoftext|>His name is Mike,name,1
1225,<|endoftext|> Percy,name,1
1226,<|endoftext|>My name is Percy,name,1
1227,<|endoftext|>His name is Percy,name,1
1228,<|endoftext|> Adolph,name,1
1229,<|endoftext|>My name is Adolph,name,1
1230,<|endoftext|>His name is Adolph,name,1
1231,<|endoftext|> Maurice,name,1
1232,<|endoftext|>My name is Maurice,name,1
1233,<|endoftext|>His name is Maurice,name,1
1234,<|endoftext|> Cornelius,name,1
1235,<|endoftext|>My name is Cornelius,name,1
1236,<|endoftext|>His name is Cornelius,name,1
1237,<|endoftext|> Felix,name,1
1238,<|endoftext|>My name is Felix,name,1
1239,<|endoftext|>His name is Felix,name,1
1240,<|endoftext|> Reuben,name,1
1241,<|endoftext|>My name is Reuben,name,1
1242,<|endoftext|>His name is Reuben,name,1
1243,<|endoftext|> Wallace,name,1
1244,<|endoftext|>My name is Wallace,name,1
1245,<|endoftext|>His name is Wallace,name,1
1246,<|endoftext|> Claud,name,1
1247,<|endoftext|>My name is Claud,name,1
1248,<|endoftext|>His name is Claud,name,1
1249,<|endoftext|> Roscoe,name,1
1250,<|endoftext|>My name is Roscoe,name,1
1251,<|endoftext|>His name is Roscoe,name,1
1252,<|endoftext|> Sylvester,name,1
1253,<|endoftext|>My name is Sylvester,name,1
1254,<|endoftext|>His name is Sylvester,name,1
1255,<|endoftext|> Earnest,name,1
1256,<|endoftext|>My name is Earnest,name,1
1257,<|endoftext|>His name is Earnest,name,1
1258,<|endoftext|> Hiram,name,1
1259,<|endoftext|>My name is Hiram,name,1
1260,<|endoftext|>His name is Hiram,name,1
1261,<|endoftext|> Otis,name,1
1262,<|endoftext|>My name is Otis,name,1
1263,<|endoftext|>His name is Otis,name,1
1264,<|endoftext|> Simon,name,1
1265,<|endoftext|>My name is Simon,name,1
1266,<|endoftext|>His name is Simon,name,1
1267,<|endoftext|> Willard,name,1
1268,<|endoftext|>My name is Willard,name,1
1269,<|endoftext|>His name is Willard,name,1
1270,<|endoftext|> Irvin,name,1
1271,<|endoftext|>My name is Irvin,name,1
1272,<|endoftext|>His name is Irvin,name,1
1273,<|endoftext|> Mark,name,1
1274,<|endoftext|>My name is Mark,name,1
1275,<|endoftext|>His name is Mark,name,1
1276,<|endoftext|> Jose,name,1
1277,<|endoftext|>My name is Jose,name,1
1278,<|endoftext|>His name is Jose,name,1
1279,<|endoftext|> Wilbur,name,1
1280,<|endoftext|>My name is Wilbur,name,1
1281,<|endoftext|>His name is Wilbur,name,1
1282,<|endoftext|> Abraham,name,1
1283,<|endoftext|>My name is Abraham,name,1
1284,<|endoftext|>His name is Abraham,name,1
1285,<|endoftext|> Virgil,name,1
1286,<|endoftext|>My name is Virgil,name,1
1287,<|endoftext|>His name is Virgil,name,1
1288,<|endoftext|> Clinton,name,1
1289,<|endoftext|>My name is Clinton,name,1
1290,<|endoftext|>His name is Clinton,name,1
1291,<|endoftext|> Elbert,name,1
1292,<|endoftext|>My name is Elbert,name,1
1293,<|endoftext|>His name is Elbert,name,1
1294,<|endoftext|> Leslie,name,1
1295,<|endoftext|>My name is Leslie,name,1
1296,<|endoftext|>His name is Leslie,name,1
1297,<|endoftext|> Marshall,name,1
1298,<|endoftext|>My name is Marshall,name,1
1299,<|endoftext|>His name is Marshall,name,1
1300,<|endoftext|> Owen,name,1
1301,<|endoftext|>My name is Owen,name,1
1302,<|endoftext|>His name is Owen,name,1
1303,<|endoftext|> Wiley,name,1
1304,<|endoftext|>My name is Wiley,name,1
1305,<|endoftext|>His name is Wiley,name,1
1306,<|endoftext|> Anton,name,1
1307,<|endoftext|>My name is Anton,name,1
1308,<|endoftext|>His name is Anton,name,1
1309,<|endoftext|> Morris,name,1
1310,<|endoftext|>My name is Morris,name,1
1311,<|endoftext|>His name is Morris,name,1
1312,<|endoftext|> Manuel,name,1
1313,<|endoftext|>My name is Manuel,name,1
1314,<|endoftext|>His name is Manuel,name,1
1315,<|endoftext|> Phillip,name,1
1316,<|endoftext|>My name is Phillip,name,1
1317,<|endoftext|>His name is Phillip,name,1
1318,<|endoftext|> Augustus,name,1
1319,<|endoftext|>My name is Augustus,name,1
1320,<|endoftext|>His name is Augustus,name,1
1321,<|endoftext|> Emmett,name,1
1322,<|endoftext|>My name is Emmett,name,1
1323,<|endoftext|>His name is Emmett,name,1
1324,<|endoftext|> Eli,name,1
1325,<|endoftext|>My name is Eli,name,1
1326,<|endoftext|>His name is Eli,name,1
1327,<|endoftext|> Nicholas,name,1
1328,<|endoftext|>My name is Nicholas,name,1
1329,<|endoftext|>His name is Nicholas,name,1
1330,<|endoftext|> Wilson,name,1
1331,<|endoftext|>My name is Wilson,name,1
1332,<|endoftext|>His name is Wilson,name,1
1333,<|endoftext|> Alva,name,1
1334,<|endoftext|>My name is Alva,name,1
1335,<|endoftext|>His name is Alva,name,1
1336,<|endoftext|> Harley,name,1
1337,<|endoftext|>My name is Harley,name,1
1338,<|endoftext|>His name is Harley,name,1
1339,<|endoftext|> Newton,name,1
1340,<|endoftext|>My name is Newton,name,1
1341,<|endoftext|>His name is Newton,name,1
1342,<|endoftext|> Timothy,name,1
1343,<|endoftext|>My name is Timothy,name,1
1344,<|endoftext|>His name is Timothy,name,1
1345,<|endoftext|> Marvin,name,1
1346,<|endoftext|>My name is Marvin,name,1
1347,<|endoftext|>His name is Marvin,name,1
1348,<|endoftext|> Ross,name,1
1349,<|endoftext|>My name is Ross,name,1
1350,<|endoftext|>His name is Ross,name,1
1351,<|endoftext|> Curtis,name,1
1352,<|endoftext|>My name is Curtis,name,1
1353,<|endoftext|>His name is Curtis,name,1
1354,<|endoftext|> Edmund,name,1
1355,<|endoftext|>My name is Edmund,name,1
1356,<|endoftext|>His name is Edmund,name,1
1357,<|endoftext|> Jeff,name,1
1358,<|endoftext|>My name is Jeff,name,1
1359,<|endoftext|>His name is Jeff,name,1
1360,<|endoftext|> Elias,name,1
1361,<|endoftext|>My name is Elias,name,1
1362,<|endoftext|>His name is Elias,name,1
1363,<|endoftext|> Harrison,name,1
1364,<|endoftext|>My name is Harrison,name,1
1365,<|endoftext|>His name is Harrison,name,1
1366,<|endoftext|> Stanley,name,1
1367,<|endoftext|>My name is Stanley,name,1
1368,<|endoftext|>His name is Stanley,name,1
1369,<|endoftext|> Columbus,name,1
1370,<|endoftext|>My name is Columbus,name,1
1371,<|endoftext|>His name is Columbus,name,1
1372,<|endoftext|> Lon,name,1
1373,<|endoftext|>My name is Lon,name,1
1374,<|endoftext|>His name is Lon,name,1
1375,<|endoftext|> Ora,name,1
1376,<|endoftext|>My name is Ora,name,1
1377,<|endoftext|>His name is Ora,name,1
1378,<|endoftext|> Ollie,name,1
1379,<|endoftext|>My name is Ollie,name,1
1380,<|endoftext|>His name is Ollie,name,1
1381,<|endoftext|> Pearl,name,1
1382,<|endoftext|>My name is Pearl,name,1
1383,<|endoftext|>His name is Pearl,name,1
1384,<|endoftext|> Russell,name,1
1385,<|endoftext|>My name is Russell,name,1
1386,<|endoftext|>His name is Russell,name,1
1387,<|endoftext|> Solomon,name,1
1388,<|endoftext|>My name is Solomon,name,1
1389,<|endoftext|>His name is Solomon,name,1
1390,<|endoftext|> Arch,name,1
1391,<|endoftext|>My name is Arch,name,1
1392,<|endoftext|>His name is Arch,name,1
1393,<|endoftext|> Asa,name,1
1394,<|endoftext|>My name is Asa,name,1
1395,<|endoftext|>His name is Asa,name,1
1396,<|endoftext|> Clayton,name,1
1397,<|endoftext|>My name is Clayton,name,1
1398,<|endoftext|>His name is Clayton,name,1
1399,<|endoftext|> Enoch,name,1
1400,<|endoftext|>My name is Enoch,name,1
1401,<|endoftext|>His name is Enoch,name,1
1402,<|endoftext|> Irving,name,1
1403,<|endoftext|>My name is Irving,name,1
1404,<|endoftext|>His name is Irving,name,1
1405,<|endoftext|> Mathew,name,1
1406,<|endoftext|>My name is Mathew,name,1
1407,<|endoftext|>His name is Mathew,name,1
1408,<|endoftext|> Nathaniel,name,1
1409,<|endoftext|>My name is Nathaniel,name,1
1410,<|endoftext|>His name is Nathaniel,name,1
1411,<|endoftext|> Scott,name,1
1412,<|endoftext|>My name is Scott,name,1
1413,<|endoftext|>His name is Scott,name,1
1414,<|endoftext|> Hubert,name,1
1415,<|endoftext|>My name is Hubert,name,1
1416,<|endoftext|>His name is Hubert,name,1
1417,<|endoftext|> Lemuel,name,1
1418,<|endoftext|>My name is Lemuel,name,1
1419,<|endoftext|>His name is Lemuel,name,1
1420,<|endoftext|> Andy,name,1
1421,<|endoftext|>My name is Andy,name,1
1422,<|endoftext|>His name is Andy,name,1
1423,<|endoftext|> Ellis,name,1
1424,<|endoftext|>My name is Ellis,name,1
1425,<|endoftext|>His name is Ellis,name,1
1426,<|endoftext|> Emanuel,name,1
1427,<|endoftext|>My name is Emanuel,name,1
1428,<|endoftext|>His name is Emanuel,name,1
1429,<|endoftext|> Joshua,name,1
1430,<|endoftext|>My name is Joshua,name,1
1431,<|endoftext|>His name is Joshua,name,1
1432,<|endoftext|> Millard,name,1
1433,<|endoftext|>My name is Millard,name,1
1434,<|endoftext|>His name is Millard,name,1
1435,<|endoftext|> Vernon,name,1
1436,<|endoftext|>My name is Vernon,name,1
1437,<|endoftext|>His name is Vernon,name,1
1438,<|endoftext|> Wade,name,1
1439,<|endoftext|>My name is Wade,name,1
1440,<|endoftext|>His name is Wade,name,1
1441,<|endoftext|> Cyrus,name,1
1442,<|endoftext|>My name is Cyrus,name,1
1443,<|endoftext|>His name is Cyrus,name,1
1444,<|endoftext|> Miles,name,1
1445,<|endoftext|>My name is Miles,name,1
1446,<|endoftext|>His name is Miles,name,1
1447,<|endoftext|> Rudolph,name,1
1448,<|endoftext|>My name is Rudolph,name,1
1449,<|endoftext|>His name is Rudolph,name,1
1450,<|endoftext|> Sherman,name,1
1451,<|endoftext|>My name is Sherman,name,1
1452,<|endoftext|>His name is Sherman,name,1
1453,<|endoftext|> Austin,name,1
1454,<|endoftext|>My name is Austin,name,1
1455,<|endoftext|>His name is Austin,name,1
1456,<|endoftext|> Bill,name,1
1457,<|endoftext|>My name is Bill,name,1
1458,<|endoftext|>His name is Bill,name,1
1459,<|endoftext|> Chas,name,1
1460,<|endoftext|>My name is Chas,name,1
1461,<|endoftext|>His name is Chas,name,1
1462,<|endoftext|> Lonnie,name,1
1463,<|endoftext|>My name is Lonnie,name,1
1464,<|endoftext|>His name is Lonnie,name,1
1465,<|endoftext|> Monroe,name,1
1466,<|endoftext|>My name is Monroe,name,1
1467,<|endoftext|>His name is Monroe,name,1
1468,<|endoftext|> Byron,name,1
1469,<|endoftext|>My name is Byron,name,1
1470,<|endoftext|>His name is Byron,name,1
1471,<|endoftext|> Edd,name,1
1472,<|endoftext|>My name is Edd,name,1
1473,<|endoftext|>His name is Edd,name,1
1474,<|endoftext|> Emery,name,1
1475,<|endoftext|>My name is Emery,name,1
1476,<|endoftext|>His name is Emery,name,1
1477,<|endoftext|> Grant,name,1
1478,<|endoftext|>My name is Grant,name,1
1479,<|endoftext|>His name is Grant,name,1
1480,<|endoftext|> Jerome,name,1
1481,<|endoftext|>My name is Jerome,name,1
1482,<|endoftext|>His name is Jerome,name,1
1483,<|endoftext|> Max,name,1
1484,<|endoftext|>My name is Max,name,1
1485,<|endoftext|>His name is Max,name,1
1486,<|endoftext|> Mose,name,1
1487,<|endoftext|>My name is Mose,name,1
1488,<|endoftext|>His name is Mose,name,1
1489,<|endoftext|> Steve,name,1
1490,<|endoftext|>My name is Steve,name,1
1491,<|endoftext|>His name is Steve,name,1
1492,<|endoftext|> Gordon,name,1
1493,<|endoftext|>My name is Gordon,name,1
1494,<|endoftext|>His name is Gordon,name,1
1495,<|endoftext|> Mary,name,-1
1496,<|endoftext|>My name is Mary,name,-1
1497,<|endoftext|>Her name is Mary,name,-1
1498,<|endoftext|> Anna,name,-1
1499,<|endoftext|>My name is Anna,name,-1
1500,<|endoftext|>Her name is Anna,name,-1
1501,<|endoftext|> Emma,name,-1
1502,<|endoftext|>My name is Emma,name,-1
1503,<|endoftext|>Her name is Emma,name,-1
1504,<|endoftext|> Elizabeth,name,-1
1505,<|endoftext|>My name is Elizabeth,name,-1
1506,<|endoftext|>Her name is Elizabeth,name,-1
1507,<|endoftext|> Minnie,name,-1
1508,<|endoftext|>My name is Minnie,name,-1
1509,<|endoftext|>Her name is Minnie,name,-1
1510,<|endoftext|> Margaret,name,-1
1511,<|endoftext|>My name is Margaret,name,-1
1512,<|endoftext|>Her name is Margaret,name,-1
1513,<|endoftext|> Ida,name,-1
1514,<|endoftext|>My name is Ida,name,-1
1515,<|endoftext|>Her name is Ida,name,-1
1516,<|endoftext|> Alice,name,-1
1517,<|endoftext|>My name is Alice,name,-1
1518,<|endoftext|>Her name is Alice,name,-1
1519,<|endoftext|> Bertha,name,-1
1520,<|endoftext|>My name is Bertha,name,-1
1521,<|endoftext|>Her name is Bertha,name,-1
1522,<|endoftext|> Sarah,name,-1
1523,<|endoftext|>My name is Sarah,name,-1
1524,<|endoftext|>Her name is Sarah,name,-1
1525,<|endoftext|> Annie,name,-1
1526,<|endoftext|>My name is Annie,name,-1
1527,<|endoftext|>Her name is Annie,name,-1
1528,<|endoftext|> Clara,name,-1
1529,<|endoftext|>My name is Clara,name,-1
1530,<|endoftext|>Her name is Clara,name,-1
1531,<|endoftext|> Ella,name,-1
1532,<|endoftext|>My name is Ella,name,-1
1533,<|endoftext|>Her name is Ella,name,-1
1534,<|endoftext|> Florence,name,-1
1535,<|endoftext|>My name is Florence,name,-1
1536,<|endoftext|>Her name is Florence,name,-1
1537,<|endoftext|> Cora,name,-1
1538,<|endoftext|>My name is Cora,name,-1
1539,<|endoftext|>Her name is Cora,name,-1
1540,<|endoftext|> Martha,name,-1
1541,<|endoftext|>My name is Martha,name,-1
1542,<|endoftext|>Her name is Martha,name,-1
1543,<|endoftext|> Laura,name,-1
1544,<|endoftext|>My name is Laura,name,-1
1545,<|endoftext|>Her name is Laura,name,-1
1546,<|endoftext|> Nellie,name,-1
1547,<|endoftext|>My name is Nellie,name,-1
1548,<|endoftext|>Her name is Nellie,name,-1
1549,<|endoftext|> Grace,name,-1
1550,<|endoftext|>My name is Grace,name,-1
1551,<|endoftext|>Her name is Grace,name,-1
1552,<|endoftext|> Carrie,name,-1
1553,<|endoftext|>My name is Carrie,name,-1
1554,<|endoftext|>Her name is Carrie,name,-1
1555,<|endoftext|> Maude,name,-1
1556,<|endoftext|>My name is Maude,name,-1
1557,<|endoftext|>Her name is Maude,name,-1
1558,<|endoftext|> Mabel,name,-1
1559,<|endoftext|>My name is Mabel,name,-1
1560,<|endoftext|>Her name is Mabel,name,-1
1561,<|endoftext|> Bessie,name,-1
1562,<|endoftext|>My name is Bessie,name,-1
1563,<|endoftext|>Her name is Bessie,name,-1
1564,<|endoftext|> Jennie,name,-1
1565,<|endoftext|>My name is Jennie,name,-1
1566,<|endoftext|>Her name is Jennie,name,-1
1567,<|endoftext|> Gertrude,name,-1
1568,<|endoftext|>My name is Gertrude,name,-1
1569,<|endoftext|>Her name is Gertrude,name,-1
1570,<|endoftext|> Julia,name,-1
1571,<|endoftext|>My name is Julia,name,-1
1572,<|endoftext|>Her name is Julia,name,-1
1573,<|endoftext|> Hattie,name,-1
1574,<|endoftext|>My name is Hattie,name,-1
1575,<|endoftext|>Her name is Hattie,name,-1
1576,<|endoftext|> Edith,name,-1
1577,<|endoftext|>My name is Edith,name,-1
1578,<|endoftext|>Her name is Edith,name,-1
1579,<|endoftext|> Mattie,name,-1
1580,<|endoftext|>My name is Mattie,name,-1
1581,<|endoftext|>Her name is Mattie,name,-1
1582,<|endoftext|> Rose,name,-1
1583,<|endoftext|>My name is Rose,name,-1
1584,<|endoftext|>Her name is Rose,name,-1
1585,<|endoftext|> Catherine,name,-1
1586,<|endoftext|>My name is Catherine,name,-1
1587,<|endoftext|>Her name is Catherine,name,-1
1588,<|endoftext|> Lillian,name,-1
1589,<|endoftext|>My name is Lillian,name,-1
1590,<|endoftext|>Her name is Lillian,name,-1
1591,<|endoftext|> Ada,name,-1
1592,<|endoftext|>My name is Ada,name,-1
1593,<|endoftext|>Her name is Ada,name,-1
1594,<|endoftext|> Lillie,name,-1
1595,<|endoftext|>My name is Lillie,name,-1
1596,<|endoftext|>Her name is Lillie,name,-1
1597,<|endoftext|> Helen,name,-1
1598,<|endoftext|>My name is Helen,name,-1
1599,<|endoftext|>Her name is Helen,name,-1
1600,<|endoftext|> Jessie,name,-1
1601,<|endoftext|>My name is Jessie,name,-1
1602,<|endoftext|>Her name is Jessie,name,-1
1603,<|endoftext|> Louise,name,-1
1604,<|endoftext|>My name is Louise,name,-1
1605,<|endoftext|>Her name is Louise,name,-1
1606,<|endoftext|> Ethel,name,-1
1607,<|endoftext|>My name is Ethel,name,-1
1608,<|endoftext|>Her name is Ethel,name,-1
1609,<|endoftext|> Lula,name,-1
1610,<|endoftext|>My name is Lula,name,-1
1611,<|endoftext|>Her name is Lula,name,-1
1612,<|endoftext|> Myrtle,name,-1
1613,<|endoftext|>My name is Myrtle,name,-1
1614,<|endoftext|>Her name is Myrtle,name,-1
1615,<|endoftext|> Eva,name,-1
1616,<|endoftext|>My name is Eva,name,-1
1617,<|endoftext|>Her name is Eva,name,-1
1618,<|endoftext|> Frances,name,-1
1619,<|endoftext|>My name is Frances,name,-1
1620,<|endoftext|>Her name is Frances,name,-1
1621,<|endoftext|> Lena,name,-1
1622,<|endoftext|>My name is Lena,name,-1
1623,<|endoftext|>Her name is Lena,name,-1
1624,<|endoftext|> Lucy,name,-1
1625,<|endoftext|>My name is Lucy,name,-1
1626,<|endoftext|>Her name is Lucy,name,-1
1627,<|endoftext|> Edna,name,-1
1628,<|endoftext|>My name is Edna,name,-1
1629,<|endoftext|>Her name is Edna,name,-1
1630,<|endoftext|> Maggie,name,-1
1631,<|endoftext|>My name is Maggie,name,-1
1632,<|endoftext|>Her name is Maggie,name,-1
1633,<|endoftext|> Pearl,name,-1
1634,<|endoftext|>My name is Pearl,name,-1
1635,<|endoftext|>Her name is Pearl,name,-1
1636,<|endoftext|> Daisy,name,-1
1637,<|endoftext|>My name is Daisy,name,-1
1638,<|endoftext|>Her name is Daisy,name,-1
1639,<|endoftext|> Fannie,name,-1
1640,<|endoftext|>My name is Fannie,name,-1
1641,<|endoftext|>Her name is Fannie,name,-1
1642,<|endoftext|> Josephine,name,-1
1643,<|endoftext|>My name is Josephine,name,-1
1644,<|endoftext|>Her name is Josephine,name,-1
1645,<|endoftext|> Dora,name,-1
1646,<|endoftext|>My name is Dora,name,-1
1647,<|endoftext|>Her name is Dora,name,-1
1648,<|endoftext|> Rosa,name,-1
1649,<|endoftext|>My name is Rosa,name,-1
1650,<|endoftext|>Her name is Rosa,name,-1
1651,<|endoftext|> Katherine,name,-1
1652,<|endoftext|>My name is Katherine,name,-1
1653,<|endoftext|>Her name is Katherine,name,-1
1654,<|endoftext|> Agnes,name,-1
1655,<|endoftext|>My name is Agnes,name,-1
1656,<|endoftext|>Her name is Agnes,name,-1
1657,<|endoftext|> Marie,name,-1
1658,<|endoftext|>My name is Marie,name,-1
1659,<|endoftext|>Her name is Marie,name,-1
1660,<|endoftext|> Nora,name,-1
1661,<|endoftext|>My name is Nora,name,-1
1662,<|endoftext|>Her name is Nora,name,-1
1663,<|endoftext|> May,name,-1
1664,<|endoftext|>My name is May,name,-1
1665,<|endoftext|>Her name is May,name,-1
1666,<|endoftext|> Mamie,name,-1
1667,<|endoftext|>My name is Mamie,name,-1
1668,<|endoftext|>Her name is Mamie,name,-1
1669,<|endoftext|> Blanche,name,-1
1670,<|endoftext|>My name is Blanche,name,-1
1671,<|endoftext|>Her name is Blanche,name,-1
1672,<|endoftext|> Stella,name,-1
1673,<|endoftext|>My name is Stella,name,-1
1674,<|endoftext|>Her name is Stella,name,-1
1675,<|endoftext|> Ellen,name,-1
1676,<|endoftext|>My name is Ellen,name,-1
1677,<|endoftext|>Her name is Ellen,name,-1
1678,<|endoftext|> Nancy,name,-1
1679,<|endoftext|>My name is Nancy,name,-1
1680,<|endoftext|>Her name is Nancy,name,-1
1681,<|endoftext|> Effie,name,-1
1682,<|endoftext|>My name is Effie,name,-1
1683,<|endoftext|>Her name is Effie,name,-1
1684,<|endoftext|> Sallie,name,-1
1685,<|endoftext|>My name is Sallie,name,-1
1686,<|endoftext|>Her name is Sallie,name,-1
1687,<|endoftext|> Nettie,name,-1
1688,<|endoftext|>My name is Nettie,name,-1
1689,<|endoftext|>Her name is Nettie,name,-1
1690,<|endoftext|> Della,name,-1
1691,<|endoftext|>My name is Della,name,-1
1692,<|endoftext|>Her name is Della,name,-1
1693,<|endoftext|> Lizzie,name,-1
1694,<|endoftext|>My name is Lizzie,name,-1
1695,<|endoftext|>Her name is Lizzie,name,-1
1696,<|endoftext|> Flora,name,-1
1697,<|endoftext|>My name is Flora,name,-1
1698,<|endoftext|>Her name is Flora,name,-1
1699,<|endoftext|> Susie,name,-1
1700,<|endoftext|>My name is Susie,name,-1
1701,<|endoftext|>Her name is Susie,name,-1
1702,<|endoftext|> Maud,name,-1
1703,<|endoftext|>My name is Maud,name,-1
1704,<|endoftext|>Her name is Maud,name,-1
1705,<|endoftext|> Mae,name,-1
1706,<|endoftext|>My name is Mae,name,-1
1707,<|endoftext|>Her name is Mae,name,-1
1708,<|endoftext|> Etta,name,-1
1709,<|endoftext|>My name is Etta,name,-1
1710,<|endoftext|>Her name is Etta,name,-1
1711,<|endoftext|> Harriet,name,-1
1712,<|endoftext|>My name is Harriet,name,-1
1713,<|endoftext|>Her name is Harriet,name,-1
1714,<|endoftext|> Sadie,name,-1
1715,<|endoftext|>My name is Sadie,name,-1
1716,<|endoftext|>Her name is Sadie,name,-1
1717,<|endoftext|> Caroline,name,-1
1718,<|endoftext|>My name is Caroline,name,-1
1719,<|endoftext|>Her name is Caroline,name,-1
1720,<|endoftext|> Katie,name,-1
1721,<|endoftext|>My name is Katie,name,-1
1722,<|endoftext|>Her name is Katie,name,-1
1723,<|endoftext|> Lydia,name,-1
1724,<|endoftext|>My name is Lydia,name,-1
1725,<|endoftext|>Her name is Lydia,name,-1
1726,<|endoftext|> Elsie,name,-1
1727,<|endoftext|>My name is Elsie,name,-1
1728,<|endoftext|>Her name is Elsie,name,-1
1729,<|endoftext|> Kate,name,-1
1730,<|endoftext|>My name is Kate,name,-1
1731,<|endoftext|>Her name is Kate,name,-1
1732,<|endoftext|> Susan,name,-1
1733,<|endoftext|>My name is Susan,name,-1
1734,<|endoftext|>Her name is Susan,name,-1
1735,<|endoftext|> Mollie,name,-1
1736,<|endoftext|>My name is Mollie,name,-1
1737,<|endoftext|>Her name is Mollie,name,-1
1738,<|endoftext|> Alma,name,-1
1739,<|endoftext|>My name is Alma,name,-1
1740,<|endoftext|>Her name is Alma,name,-1
1741,<|endoftext|> Addie,name,-1
1742,<|endoftext|>My name is Addie,name,-1
1743,<|endoftext|>Her name is Addie,name,-1
1744,<|endoftext|> Georgia,name,-1
1745,<|endoftext|>My name is Georgia,name,-1
1746,<|endoftext|>Her name is Georgia,name,-1
1747,<|endoftext|> Eliza,name,-1
1748,<|endoftext|>My name is Eliza,name,-1
1749,<|endoftext|>Her name is Eliza,name,-1
1750,<|endoftext|> Lulu,name,-1
1751,<|endoftext|>My name is Lulu,name,-1
1752,<|endoftext|>Her name is Lulu,name,-1
1753,<|endoftext|> Nannie,name,-1
1754,<|endoftext|>My name is Nannie,name,-1
1755,<|endoftext|>Her name is Nannie,name,-1
1756,<|endoftext|> Lottie,name,-1
1757,<|endoftext|>My name is Lottie,name,-1
1758,<|endoftext|>Her name is Lottie,name,-1
1759,<|endoftext|> Amanda,name,-1
1760,<|endoftext|>My name is Amanda,name,-1
1761,<|endoftext|>Her name is Amanda,name,-1
1762,<|endoftext|> Belle,name,-1
1763,<|endoftext|>My name is Belle,name,-1
1764,<|endoftext|>Her name is Belle,name,-1
1765,<|endoftext|> Charlotte,name,-1
1766,<|endoftext|>My name is Charlotte,name,-1
1767,<|endoftext|>Her name is Charlotte,name,-1
1768,<|endoftext|> Rebecca,name,-1
1769,<|endoftext|>My name is Rebecca,name,-1
1770,<|endoftext|>Her name is Rebecca,name,-1
1771,<|endoftext|> Ruth,name,-1
1772,<|endoftext|>My name is Ruth,name,-1
1773,<|endoftext|>Her name is Ruth,name,-1
1774,<|endoftext|> Viola,name,-1
1775,<|endoftext|>My name is Viola,name,-1
1776,<|endoftext|>Her name is Viola,name,-1
1777,<|endoftext|> Olive,name,-1
1778,<|endoftext|>My name is Olive,name,-1
1779,<|endoftext|>Her name is Olive,name,-1
1780,<|endoftext|> Amelia,name,-1
1781,<|endoftext|>My name is Amelia,name,-1
1782,<|endoftext|>Her name is Amelia,name,-1
1783,<|endoftext|> Hannah,name,-1
1784,<|endoftext|>My name is Hannah,name,-1
1785,<|endoftext|>Her name is Hannah,name,-1
1786,<|endoftext|> Jane,name,-1
1787,<|endoftext|>My name is Jane,name,-1
1788,<|endoftext|>Her name is Jane,name,-1
1789,<|endoftext|> Virginia,name,-1
1790,<|endoftext|>My name is Virginia,name,-1
1791,<|endoftext|>Her name is Virginia,name,-1
1792,<|endoftext|> Emily,name,-1
1793,<|endoftext|>My name is Emily,name,-1
1794,<|endoftext|>Her name is Emily,name,-1
1795,<|endoftext|> Matilda,name,-1
1796,<|endoftext|>My name is Matilda,name,-1
1797,<|endoftext|>Her name is Matilda,name,-1
1798,<|endoftext|> Irene,name,-1
1799,<|endoftext|>My name is Irene,name,-1
1800,<|endoftext|>Her name is Irene,name,-1
1801,<|endoftext|> Kathryn,name,-1
1802,<|endoftext|>My name is Kathryn,name,-1
1803,<|endoftext|>Her name is Kathryn,name,-1
1804,<|endoftext|> Esther,name,-1
1805,<|endoftext|>My name is Esther,name,-1
1806,<|endoftext|>Her name is Esther,name,-1
1807,<|endoftext|> Willie,name,-1
1808,<|endoftext|>My name is Willie,name,-1
1809,<|endoftext|>Her name is Willie,name,-1
1810,<|endoftext|> Henrietta,name,-1
1811,<|endoftext|>My name is Henrietta,name,-1
1812,<|endoftext|>Her name is Henrietta,name,-1
1813,<|endoftext|> Ollie,name,-1
1814,<|endoftext|>My name is Ollie,name,-1
1815,<|endoftext|>Her name is Ollie,name,-1
1816,<|endoftext|> Amy,name,-1
1817,<|endoftext|>My name is Amy,name,-1
1818,<|endoftext|>Her name is Amy,name,-1
1819,<|endoftext|> Rachel,name,-1
1820,<|endoftext|>My name is Rachel,name,-1
1821,<|endoftext|>Her name is Rachel,name,-1
1822,<|endoftext|> Sara,name,-1
1823,<|endoftext|>My name is Sara,name,-1
1824,<|endoftext|>Her name is Sara,name,-1
1825,<|endoftext|> Estella,name,-1
1826,<|endoftext|>My name is Estella,name,-1
1827,<|endoftext|>Her name is Estella,name,-1
1828,<|endoftext|> Theresa,name,-1
1829,<|endoftext|>My name is Theresa,name,-1
1830,<|endoftext|>Her name is Theresa,name,-1
1831,<|endoftext|> Augusta,name,-1
1832,<|endoftext|>My name is Augusta,name,-1
1833,<|endoftext|>Her name is Augusta,name,-1
1834,<|endoftext|> Ora,name,-1
1835,<|endoftext|>My name is Ora,name,-1
1836,<|endoftext|>Her name is Ora,name,-1
1837,<|endoftext|> Pauline,name,-1
1838,<|endoftext|>My name is Pauline,name,-1
1839,<|endoftext|>Her name is Pauline,name,-1
1840,<|endoftext|> Josie,name,-1
1841,<|endoftext|>My name is Josie,name,-1
1842,<|endoftext|>Her name is Josie,name,-1
1843,<|endoftext|> Lola,name,-1
1844,<|endoftext|>My name is Lola,name,-1
1845,<|endoftext|>Her name is Lola,name,-1
1846,<|endoftext|> Sophia,name,-1
1847,<|endoftext|>My name is Sophia,name,-1
1848,<|endoftext|>Her name is Sophia,name,-1
1849,<|endoftext|> Leona,name,-1
1850,<|endoftext|>My name is Leona,name,-1
1851,<|endoftext|>Her name is Leona,name,-1
1852,<|endoftext|> Anne,name,-1
1853,<|endoftext|>My name is Anne,name,-1
1854,<|endoftext|>Her name is Anne,name,-1
1855,<|endoftext|> Mildred,name,-1
1856,<|endoftext|>My name is Mildred,name,-1
1857,<|endoftext|>Her name is Mildred,name,-1
1858,<|endoftext|> Ann,name,-1
1859,<|endoftext|>My name is Ann,name,-1
1860,<|endoftext|>Her name is Ann,name,-1
1861,<|endoftext|> Beulah,name,-1
1862,<|endoftext|>My name is Beulah,name,-1
1863,<|endoftext|>Her name is Beulah,name,-1
1864,<|endoftext|> Callie,name,-1
1865,<|endoftext|>My name is Callie,name,-1
1866,<|endoftext|>Her name is Callie,name,-1
1867,<|endoftext|> Lou,name,-1
1868,<|endoftext|>My name is Lou,name,-1
1869,<|endoftext|>Her name is Lou,name,-1
1870,<|endoftext|> Delia,name,-1
1871,<|endoftext|>My name is Delia,name,-1
1872,<|endoftext|>Her name is Delia,name,-1
1873,<|endoftext|> Eleanor,name,-1
1874,<|endoftext|>My name is Eleanor,name,-1
1875,<|endoftext|>Her name is Eleanor,name,-1
1876,<|endoftext|> Barbara,name,-1
1877,<|endoftext|>My name is Barbara,name,-1
1878,<|endoftext|>Her name is Barbara,name,-1
1879,<|endoftext|> Iva,name,-1
1880,<|endoftext|>My name is Iva,name,-1
1881,<|endoftext|>Her name is Iva,name,-1
1882,<|endoftext|> Louisa,name,-1
1883,<|endoftext|>My name is Louisa,name,-1
1884,<|endoftext|>Her name is Louisa,name,-1
1885,<|endoftext|> Maria,name,-1
1886,<|endoftext|>My name is Maria,name,-1
1887,<|endoftext|>Her name is Maria,name,-1
1888,<|endoftext|> Mayme,name,-1
1889,<|endoftext|>My name is Mayme,name,-1
1890,<|endoftext|>Her name is Mayme,name,-1
1891,<|endoftext|> Evelyn,name,-1
1892,<|endoftext|>My name is Evelyn,name,-1
1893,<|endoftext|>Her name is Evelyn,name,-1
1894,<|endoftext|> Estelle,name,-1
1895,<|endoftext|>My name is Estelle,name,-1
1896,<|endoftext|>Her name is Estelle,name,-1
1897,<|endoftext|> Nina,name,-1
1898,<|endoftext|>My name is Nina,name,-1
1899,<|endoftext|>Her name is Nina,name,-1
1900,<|endoftext|> Betty,name,-1
1901,<|endoftext|>My name is Betty,name,-1
1902,<|endoftext|>Her name is Betty,name,-1
1903,<|endoftext|> Marion,name,-1
1904,<|endoftext|>My name is Marion,name,-1
1905,<|endoftext|>Her name is Marion,name,-1
1906,<|endoftext|> Bettie,name,-1
1907,<|endoftext|>My name is Bettie,name,-1
1908,<|endoftext|>Her name is Bettie,name,-1
1909,<|endoftext|> Dorothy,name,-1
1910,<|endoftext|>My name is Dorothy,name,-1
1911,<|endoftext|>Her name is Dorothy,name,-1
1912,<|endoftext|> Luella,name,-1
1913,<|endoftext|>My name is Luella,name,-1
1914,<|endoftext|>Her name is Luella,name,-1
1915,<|endoftext|> Inez,name,-1
1916,<|endoftext|>My name is Inez,name,-1
1917,<|endoftext|>Her name is Inez,name,-1
1918,<|endoftext|> Lela,name,-1
1919,<|endoftext|>My name is Lela,name,-1
1920,<|endoftext|>Her name is Lela,name,-1
1921,<|endoftext|> Rosie,name,-1
1922,<|endoftext|>My name is Rosie,name,-1
1923,<|endoftext|>Her name is Rosie,name,-1
1924,<|endoftext|> Allie,name,-1
1925,<|endoftext|>My name is Allie,name,-1
1926,<|endoftext|>Her name is Allie,name,-1
1927,<|endoftext|> Millie,name,-1
1928,<|endoftext|>My name is Millie,name,-1
1929,<|endoftext|>Her name is Millie,name,-1
1930,<|endoftext|> Janie,name,-1
1931,<|endoftext|>My name is Janie,name,-1
1932,<|endoftext|>Her name is Janie,name,-1
1933,<|endoftext|> Cornelia,name,-1
1934,<|endoftext|>My name is Cornelia,name,-1
1935,<|endoftext|>Her name is Cornelia,name,-1
1936,<|endoftext|> Victoria,name,-1
1937,<|endoftext|>My name is Victoria,name,-1
1938,<|endoftext|>Her name is Victoria,name,-1
1939,<|endoftext|> Ruby,name,-1
1940,<|endoftext|>My name is Ruby,name,-1
1941,<|endoftext|>Her name is Ruby,name,-1
1942,<|endoftext|> Winifred,name,-1
1943,<|endoftext|>My name is Winifred,name,-1
1944,<|endoftext|>Her name is Winifred,name,-1
1945,<|endoftext|> Alta,name,-1
1946,<|endoftext|>My name is Alta,name,-1
1947,<|endoftext|>Her name is Alta,name,-1
1948,<|endoftext|> Celia,name,-1
1949,<|endoftext|>My name is Celia,name,-1
1950,<|endoftext|>Her name is Celia,name,-1
1951,<|endoftext|> Christine,name,-1
1952,<|endoftext|>My name is Christine,name,-1
1953,<|endoftext|>Her name is Christine,name,-1
1954,<|endoftext|> Beatrice,name,-1
1955,<|endoftext|>My name is Beatrice,name,-1
1956,<|endoftext|>Her name is Beatrice,name,-1
1957,<|endoftext|> Birdie,name,-1
1958,<|endoftext|>My name is Birdie,name,-1
1959,<|endoftext|>Her name is Birdie,name,-1
1960,<|endoftext|> Harriett,name,-1
1961,<|endoftext|>My name is Harriett,name,-1
1962,<|endoftext|>Her name is Harriett,name,-1
1963,<|endoftext|> Mable,name,-1
1964,<|endoftext|>My name is Mable,name,-1
1965,<|endoftext|>Her name is Mable,name,-1
1966,<|endoftext|> Myra,name,-1
1967,<|endoftext|>My name is Myra,name,-1
1968,<|endoftext|>Her name is Myra,name,-1
1969,<|endoftext|> Sophie,name,-1
1970,<|endoftext|>My name is Sophie,name,-1
1971,<|endoftext|>Her name is Sophie,name,-1
1972,<|endoftext|> Tillie,name,-1
1973,<|endoftext|>My name is Tillie,name,-1
1974,<|endoftext|>Her name is Tillie,name,-1
1975,<|endoftext|> Isabel,name,-1
1976,<|endoftext|>My name is Isabel,name,-1
1977,<|endoftext|>Her name is Isabel,name,-1
1978,<|endoftext|> Sylvia,name,-1
1979,<|endoftext|>My name is Sylvia,name,-1
1980,<|endoftext|>Her name is Sylvia,name,-1
1981,<|endoftext|> Carolyn,name,-1
1982,<|endoftext|>My name is Carolyn,name,-1
1983,<|endoftext|>Her name is Carolyn,name,-1
1984,<|endoftext|> Isabelle,name,-1
1985,<|endoftext|>My name is Isabelle,name,-1
1986,<|endoftext|>Her name is Isabelle,name,-1
1987,<|endoftext|> Leila,name,-1
1988,<|endoftext|>My name is Leila,name,-1
1989,<|endoftext|>Her name is Leila,name,-1
1990,<|endoftext|> Sally,name,-1
1991,<|endoftext|>My name is Sally,name,-1
1992,<|endoftext|>Her name is Sally,name,-1
1993,<|endoftext|> Ina,name,-1
1994,<|endoftext|>My name is Ina,name,-1
1995,<|endoftext|>Her name is Ina,name,-1
1996,<|endoftext|> Essie,name,-1
1997,<|endoftext|>My name is Essie,name,-1
1998,<|endoftext|>Her name is Essie,name,-1
1999,<|endoftext|> Bertie,name,-1
2000,<|endoftext|>My name is Bertie,name,-1
2001,<|endoftext|>Her name is Bertie,name,-1
2002,<|endoftext|> Nell,name,-1
2003,<|endoftext|>My name is Nell,name,-1
2004,<|endoftext|>Her name is Nell,name,-1
2005,<|endoftext|> Alberta,name,-1
2006,<|endoftext|>My name is Alberta,name,-1
2007,<|endoftext|>Her name is Alberta,name,-1
2008,<|endoftext|> Katharine,name,-1
2009,<|endoftext|>My name is Katharine,name,-1
2010,<|endoftext|>Her name is Katharine,name,-1
2011,<|endoftext|> Lora,name,-1
2012,<|endoftext|>My name is Lora,name,-1
2013,<|endoftext|>Her name is Lora,name,-1
2014,<|endoftext|> Rena,name,-1
2015,<|endoftext|>My name is Rena,name,-1
2016,<|endoftext|>Her name is Rena,name,-1
2017,<|endoftext|> Mina,name,-1
2018,<|endoftext|>My name is Mina,name,-1
2019,<|endoftext|>Her name is Mina,name,-1
2020,<|endoftext|> Rhoda,name,-1
2021,<|endoftext|>My name is Rhoda,name,-1
2022,<|endoftext|>Her name is Rhoda,name,-1
2023,<|endoftext|> Mathilda,name,-1
2024,<|endoftext|>My name is Mathilda,name,-1
2025,<|endoftext|>Her name is Mathilda,name,-1
2026,<|endoftext|> Abbie,name,-1
2027,<|endoftext|>My name is Abbie,name,-1
2028,<|endoftext|>Her name is Abbie,name,-1
2029,<|endoftext|> Eula,name,-1
2030,<|endoftext|>My name is Eula,name,-1
2031,<|endoftext|>Her name is Eula,name,-1
2032,<|endoftext|> Dollie,name,-1
2033,<|endoftext|>My name is Dollie,name,-1
2034,<|endoftext|>Her name is Dollie,name,-1
2035,<|endoftext|> Hettie,name,-1
2036,<|endoftext|>My name is Hettie,name,-1
2037,<|endoftext|>Her name is Hettie,name,-1
2038,<|endoftext|> Eunice,name,-1
2039,<|endoftext|>My name is Eunice,name,-1
2040,<|endoftext|>Her name is Eunice,name,-1
2041,<|endoftext|> Fanny,name,-1
2042,<|endoftext|>My name is Fanny,name,-1
2043,<|endoftext|>Her name is Fanny,name,-1
2044,<|endoftext|> Ola,name,-1
2045,<|endoftext|>My name is Ola,name,-1
2046,<|endoftext|>Her name is Ola,name,-1
2047,<|endoftext|> Lenora,name,-1
2048,<|endoftext|>My name is Lenora,name,-1
2049,<|endoftext|>Her name is Lenora,name,-1
2050,<|endoftext|> Adelaide,name,-1
2051,<|endoftext|>My name is Adelaide,name,-1
2052,<|endoftext|>Her name is Adelaide,name,-1
2053,<|endoftext|> Christina,name,-1
2054,<|endoftext|>My name is Christina,name,-1
2055,<|endoftext|>Her name is Christina,name,-1
2056,<|endoftext|> Lelia,name,-1
2057,<|endoftext|>My name is Lelia,name,-1
2058,<|endoftext|>Her name is Lelia,name,-1
2059,<|endoftext|> Nelle,name,-1
2060,<|endoftext|>My name is Nelle,name,-1
2061,<|endoftext|>Her name is Nelle,name,-1
2062,<|endoftext|> Sue,name,-1
2063,<|endoftext|>My name is Sue,name,-1
2064,<|endoftext|>Her name is Sue,name,-1
2065,<|endoftext|> Johanna,name,-1
2066,<|endoftext|>My name is Johanna,name,-1
2067,<|endoftext|>Her name is Johanna,name,-1
2068,<|endoftext|> Lilly,name,-1
2069,<|endoftext|>My name is Lilly,name,-1
2070,<|endoftext|>Her name is Lilly,name,-1
2071,<|endoftext|> Lucinda,name,-1
2072,<|endoftext|>My name is Lucinda,name,-1
2073,<|endoftext|>Her name is Lucinda,name,-1
2074,<|endoftext|> Minerva,name,-1
2075,<|endoftext|>My name is Minerva,name,-1
2076,<|endoftext|>Her name is Minerva,name,-1
2077,<|endoftext|> Lettie,name,-1
2078,<|endoftext|>My name is Lettie,name,-1
2079,<|endoftext|>Her name is Lettie,name,-1
2080,<|endoftext|> Roxie,name,-1
2081,<|endoftext|>My name is Roxie,name,-1
2082,<|endoftext|>Her name is Roxie,name,-1
2083,<|endoftext|> Cynthia,name,-1
2084,<|endoftext|>My name is Cynthia,name,-1
2085,<|endoftext|>Her name is Cynthia,name,-1
2086,<|endoftext|> Helena,name,-1
2087,<|endoftext|>My name is Helena,name,-1
2088,<|endoftext|>Her name is Helena,name,-1
2089,<|endoftext|> Hilda,name,-1
2090,<|endoftext|>My name is Hilda,name,-1
2091,<|endoftext|>Her name is Hilda,name,-1
2092,<|endoftext|> Hulda,name,-1
2093,<|endoftext|>My name is Hulda,name,-1
2094,<|endoftext|>Her name is Hulda,name,-1
2095,<|endoftext|> Bernice,name,-1
2096,<|endoftext|>My name is Bernice,name,-1
2097,<|endoftext|>Her name is Bernice,name,-1
2098,<|endoftext|> Genevieve,name,-1
2099,<|endoftext|>My name is Genevieve,name,-1
2100,<|endoftext|>Her name is Genevieve,name,-1
2101,<|endoftext|> Jean,name,-1
2102,<|endoftext|>My name is Jean,name,-1
2103,<|endoftext|>Her name is Jean,name,-1
2104,<|endoftext|> Cordelia,name,-1
2105,<|endoftext|>My name is Cordelia,name,-1
2106,<|endoftext|>Her name is Cordelia,name,-1
2107,<|endoftext|> Marian,name,-1
2108,<|endoftext|>My name is Marian,name,-1
2109,<|endoftext|>Her name is Marian,name,-1
2110,<|endoftext|> Francis,name,-1
2111,<|endoftext|>My name is Francis,name,-1
2112,<|endoftext|>Her name is Francis,name,-1
2113,<|endoftext|> Jeanette,name,-1
2114,<|endoftext|>My name is Jeanette,name,-1
2115,<|endoftext|>Her name is Jeanette,name,-1
2116,<|endoftext|> Adeline,name,-1
2117,<|endoftext|>My name is Adeline,name,-1
2118,<|endoftext|>Her name is Adeline,name,-1
2119,<|endoftext|> Gussie,name,-1
2120,<|endoftext|>My name is Gussie,name,-1
2121,<|endoftext|>Her name is Gussie,name,-1
2122,<|endoftext|> Leah,name,-1
2123,<|endoftext|>My name is Leah,name,-1
2124,<|endoftext|>Her name is Leah,name,-1
2125,<|endoftext|> Lois,name,-1
2126,<|endoftext|>My name is Lois,name,-1
2127,<|endoftext|>Her name is Lois,name,-1
2128,<|endoftext|> Lura,name,-1
2129,<|endoftext|>My name is Lura,name,-1
2130,<|endoftext|>Her name is Lura,name,-1
2131,<|endoftext|> Mittie,name,-1
2132,<|endoftext|>My name is Mittie,name,-1
2133,<|endoftext|>Her name is Mittie,name,-1
2134,<|endoftext|> Hallie,name,-1
2135,<|endoftext|>My name is Hallie,name,-1
2136,<|endoftext|>Her name is Hallie,name,-1
